SHEET;CHAIN;CO_OWNED;STATE;SOUTHJ;CENTRALJ;NORTHJ;PA1;PA2;SHORE;NCALLS;EMPFT;EMPPT;NMGRS;WAGE_ST;INCTIME;FIRSTINC;BONUS;PCTAFF;MEALS;OPEN;HRSOPEN;PSODA;PFRY;PENTREE;NREGS;NREGS11;TYPE2;STATUS2;DATE2;NCALLS2;EMPFT2;EMPPT2;NMGRS2;WAGE_ST2;INCTIME2;FIRSTIN2;SPECIAL2;MEALS2;OPEN2R;HRSOPEN2;PSODA2;PFRY2;PENTREE2;NREGS2;NREGS112
46;1;0;0;0;0;0;1;0;0;0;30.0;15.0;3.0;NA;19.0;NA;1;NA;2;6.5;16.5;1.03;1.03;0.52;3.0;3.0;1;1;111792;1.0;3.5;35.0;3.0;4.3;26.0;0.08;1.0;2;6.5;16.5;1.03;NA;0.94;4.0;4
49;2;0;0;0;0;0;1;0;0;0;6.5;6.5;4.0;NA;26.0;NA;0;NA;2;10.0;13.0;1.01;0.9;2.35;4.0;3.0;1;1;111292;NA;0.0;15.0;4.0;4.45;13.0;0.05;0.0;2;10.0;13.0;1.01;0.89;2.35;4.0;4
506;2;1;0;0;0;0;1;0;0;0;3.0;7.0;2.0;NA;13.0;0.37;0;30.0;2;11.0;10.0;0.95;0.74;2.33;3.0;3.0;1;1;111292;NA;3.0;7.0;4.0;5.0;19.0;0.25;NA;1;11.0;11.0;0.95;0.74;2.33;4.0;3
56;4;1;0;0;0;0;1;0;0;0;20.0;20.0;4.0;5.0;26.0;0.1;1;0.0;2;10.0;12.0;0.87;0.82;1.79;2.0;2.0;1;1;111492;NA;0.0;36.0;2.0;5.25;26.0;0.15;0.0;2;10.0;12.0;0.92;0.79;0.87;2.0;2
61;4;1;0;0;0;0;1;0;0;0;6.0;26.0;5.0;5.5;52.0;0.15;1;0.0;3;10.0;12.0;0.87;0.77;1.65;2.0;2.0;1;1;111492;NA;28.0;3.0;6.0;4.75;13.0;0.15;0.0;2;10.0;12.0;1.01;0.84;0.95;2.0;2
62;4;1;0;0;0;0;1;0;0;2;0.0;31.0;5.0;5.0;26.0;0.07;0;45.0;2;10.0;12.0;0.87;0.77;0.95;2.0;2.0;1;1;111492;NA;NA;NA;NA;NA;26.0;NA;0.0;2;10.0;12.0;NA;0.84;1.79;3.0;3
445;1;0;0;0;0;0;0;1;0;0;50.0;35.0;3.0;5.0;26.0;0.1;0;0.0;2;6.0;18.0;1.04;0.88;0.94;3.0;3.0;1;1;110792;NA;15.0;18.0;5.0;4.75;26.0;0.15;0.0;2;6.0;18.0;1.04;0.86;0.94;3.0;3
451;1;0;0;0;0;0;0;1;0;0;10.0;17.0;5.0;5.0;52.0;0.25;0;0.0;2;0.0;24.0;1.05;0.84;0.96;6.0;4.0;1;1;111792;2.0;26.0;9.0;6.0;5.0;26.0;0.2;0.0;2;0.0;24.0;1.11;0.84;0.94;6.0;3
455;2;1;0;0;0;0;0;1;0;0;2.0;8.0;5.0;5.25;13.0;0.25;0;0.0;1;11.0;10.0;0.73;0.73;2.32;2.0;2.0;1;1;111292;NA;3.0;12.0;2.0;5.0;13.0;0.25;0.0;2;11.0;11.0;0.94;0.84;2.32;4.0;3
458;2;1;0;0;0;0;1;0;0;2;2.0;10.0;2.0;5.0;19.0;0.15;0;0.0;1;11.0;10.0;0.94;0.73;2.32;4.0;4.0;1;1;111792;1.0;2.0;9.0;2.0;5.0;13.0;0.25;0.0;1;11.0;10.5;0.9;0.73;2.32;4.0;3
462;3;1;0;0;0;0;0;1;0;0;2.5;20.0;3.0;5.0;13.0;0.37;1;5.0;2;9.0;12.5;1.05;1.01;1.11;4.0;4.0;2;1;122292;1.0;1.0;25.0;4.0;4.75;13.0;0.2;0.0;2;9.0;12.0;1.01;1.01;0.89;6.0;3
468;1;0;0;0;0;0;0;1;0;0;40.0;30.0;3.0;5.0;13.0;0.17;0;0.0;2;6.0;18.0;0.95;0.94;0.95;4.0;3.0;1;1;110792;NA;9.0;32.0;4.0;5.0;26.0;0.13;1.0;2;6.0;18.0;0.97;0.84;0.86;4.0;3
469;1;0;0;0;0;0;0;1;0;0;8.0;27.0;5.0;5.0;39.0;0.25;0;80.0;2;6.0;18.0;0.92;0.72;0.96;3.0;2.0;1;1;111692;1.0;7.0;39.0;4.0;4.5;41.0;0.23;0.0;2;6.0;18.0;0.92;0.81;0.87;3.0;3
470;1;0;0;0;0;0;0;1;0;0;10.5;30.0;3.0;5.5;NA;0.3;0;0.0;2;6.0;18.0;0.97;0.84;0.94;3.0;3.0;1;1;111792;2.0;18.0;10.0;3.0;4.75;13.0;0.15;1.0;2;6.0;18.0;1.03;0.84;0.94;3.0;2
474;1;0;0;0;0;0;0;1;0;2;6.0;9.0;3.0;5.0;26.0;0.37;0;0.0;2;9.0;12.5;1.13;0.98;1.01;3.0;1.0;2;1;122292;1.0;5.0;20.0;3.0;4.5;NA;0.0;0.0;2;8.5;13.0;1.09;0.94;0.94;3.0;2
481;2;1;0;0;0;0;0;1;0;2;5.0;17.5;3.0;5.25;26.0;0.25;1;0.0;3;11.0;10.0;0.95;0.74;2.53;5.0;4.0;1;1;111792;2.0;15.0;4.0;3.0;5.0;26.0;0.25;1.0;2;11.0;11.0;0.74;0.73;2.53;3.0;3
483;2;1;0;0;0;0;0;1;0;0;1.0;15.0;1.0;5.0;13.0;0.07;1;0.0;2;11.0;10.0;0.94;0.73;2.32;4.0;3.0;1;1;111292;NA;4.0;13.0;3.0;4.75;13.0;0.18;0.0;1;11.0;11.0;0.95;0.74;2.33;4.0;3
487;3;1;0;0;0;0;0;1;0;0;10.0;6.0;2.0;5.0;13.0;0.17;1;0.0;2;10.0;11.5;1.11;0.91;0.95;6.0;3.0;1;1;111192;NA;6.0;20.0;3.0;4.75;26.0;0.1;0.0;2;10.5;11.0;1.05;1.01;0.94;6.0;1
488;3;0;0;0;0;0;0;1;0;1;20.0;13.0;3.0;5.0;13.0;0.25;1;0.0;2;6.0;16.0;1.05;0.79;1.01;5.0;5.0;1;1;111192;NA;5.0;15.0;3.0;4.75;26.0;0.13;0.0;2;7.0;15.0;1.01;1.01;0.94;5.0;3
489;3;0;0;0;0;0;0;1;0;2;5.0;23.0;2.0;5.0;13.0;0.37;1;6.0;2;7.0;14.0;1.05;1.01;0.94;4.0;4.0;1;1;111892;2.0;2.0;19.0;3.0;4.25;26.0;0.13;0.0;2;10.0;11.5;1.01;1.01;1.05;6.0;3
490;3;1;0;0;0;0;0;1;0;0;10.0;12.5;4.0;5.0;13.0;0.12;0;0.0;2;6.0;16.0;1.05;1.01;1.05;4.0;4.0;1;1;111692;1.0;2.0;18.0;3.0;5.0;26.0;0.28;0.0;2;6.0;16.0;1.01;1.01;1.05;5.0;3
493;3;1;0;0;0;0;1;0;0;0;27.0;12.0;3.0;5.0;26.0;0.25;0;0.0;2;6.0;16.0;1.05;0.9;2.01;6.0;3.0;1;1;111192;NA;0.0;30.0;4.0;4.9;13.0;0.25;0.0;2;6.0;16.0;1.02;1.01;0.84;3.0;3
495;3;0;0;0;0;0;0;1;0;2;4.0;28.0;3.0;5.0;26.0;0.25;0;2.0;2;7.0;15.0;1.05;1.01;0.94;3.0;3.0;1;1;111192;NA;8.0;20.0;3.0;5.0;26.0;0.25;1.0;2;6.0;16.0;0.96;1.01;1.01;5.0;3
496;3;1;0;0;0;0;0;1;0;0;10.0;15.0;3.0;5.0;13.0;0.17;1;0.0;2;6.0;16.0;1.05;0.9;0.73;5.0;3.0;1;1;111192;NA;10.0;10.0;3.0;4.75;19.0;0.18;0.0;2;6.0;16.0;1.01;1.01;0.89;NA;.
499;4;1;0;0;0;0;0;1;0;0;0.0;28.0;5.0;5.0;26.0;0.07;1;11.0;2;10.0;12.0;0.9;0.69;1.75;2.0;2.0;1;1;111492;1.0;0.0;31.0;5.0;5.0;26.0;0.1;1.0;2;10.0;12.0;0.9;0.69;0.94;2.0;2
509;3;1;0;0;0;0;0;1;0;2;3.0;16.0;3.0;5.0;13.0;0.25;0;30.0;2;6.0;16.0;1.05;0.95;1.16;6.0;3.0;1;1;111192;NA;5.5;10.0;3.0;4.25;26.0;0.2;0.0;2;6.5;15.5;1.0;1.01;0.94;3.0;2
515;3;1;0;0;0;0;0;1;0;0;7.0;16.0;4.0;5.0;13.0;0.2;0;33.0;2;6.0;16.0;1.05;0.94;1.16;5.0;3.0;1;1;111192;NA;5.0;19.0;3.0;4.75;13.0;0.18;0.0;2;6.0;16.0;1.01;1.01;0.94;5.0;4
37;1;0;0;0;0;0;1;0;0;2;21.0;9.0;7.0;4.25;4.0;0.25;0;33.0;2;6.5;16.5;0.98;0.84;0.84;5.0;3.0;1;1;111092;NA;6.0;25.0;7.0;4.25;52.0;0.18;0.0;2;6.5;16.5;0.98;0.84;0.86;6.0;3
39;1;0;0;0;0;0;1;0;0;0;1.0;32.0;2.0;4.25;8.0;NA;0;100.0;2;6.5;17.5;1.03;0.73;0.52;4.0;2.0;1;1;111792;NA;5.0;15.0;3.0;NA;NA;NA;0.0;2;6.5;16.5;1.05;NA;0.63;4.0;2
40;1;0;0;0;0;0;1;0;0;0;10.0;20.0;7.0;4.25;4.0;0.15;0;100.0;2;6.5;16.5;0.98;0.82;0.8;3.0;3.0;1;1;111092;NA;7.0;25.0;6.0;4.25;8.0;0.13;0.0;2;6.5;17.5;0.98;0.82;0.87;3.0;2
41;1;0;0;0;0;0;1;0;0;0;0.0;27.0;6.0;4.25;18.0;0.2;0;100.0;2;6.5;16.5;0.98;0.82;0.85;3.0;3.0;1;1;111892;2.0;0.0;42.0;6.0;4.25;NA;NA;0.0;2;6.5;17.5;0.94;0.78;0.91;3.0;2
42;1;0;0;0;0;0;1;0;0;2;17.0;4.0;5.0;4.5;NA;NA;0;100.0;2;6.5;16.5;0.98;0.83;0.86;3.0;3.0;1;1;111792;1.0;0.0;22.0;5.0;4.25;26.0;0.25;0.0;2;6.5;16.5;0.94;NA;NA;3.0;2
45;1;0;0;0;0;0;1;0;0;0;0.0;24.0;6.0;4.25;2.0;0.25;0;25.0;2;7.0;16.0;0.98;0.83;0.86;3.0;3.0;1;1;111092;NA;11.0;12.0;2.0;4.25;26.0;0.15;0.0;3;6.5;17.5;0.98;0.75;0.86;3.0;3
47;1;0;0;0;0;0;1;0;0;2;25.0;15.0;NA;4.5;4.0;0.17;0;75.0;2;6.0;17.0;1.05;0.86;0.86;3.0;3.0;1;1;111092;NA;0.0;45.0;2.0;4.25;NA;NA;0.0;2;6.0;18.0;1.05;0.86;0.86;3.0;.
48;1;0;0;0;0;0;1;0;0;0;6.0;20.0;3.0;4.25;13.0;0.2;1;31.0;3;7.0;14.0;1.01;0.84;0.63;4.0;3.0;1;1;111092;NA;7.5;25.0;5.0;4.38;13.0;0.25;1.0;3;7.0;14.0;0.98;0.79;0.87;4.0;3
50;2;0;0;0;0;0;1;0;0;0;6.0;10.0;3.0;4.5;13.0;NA;0;20.0;2;10.0;12.0;1.01;0.89;3.5;4.0;3.0;1;1;111292;NA;4.0;20.0;3.0;4.75;13.0;0.1;0.0;2;10.0;13.0;1.01;0.89;2.35;4.0;3
51;2;0;0;0;0;0;1;0;0;1;0.0;15.0;3.0;4.25;NA;0.15;0;100.0;2;10.0;13.0;1.01;0.89;2.35;4.0;3.0;1;1;111792;2.0;6.0;15.0;3.0;4.25;NA;NA;0.0;2;10.0;13.0;1.0;0.89;2.35;5.0;3
57;4;1;0;0;0;0;1;0;0;0;30.0;10.0;3.0;4.67;26.0;0.07;1;70.0;2;10.0;12.0;0.87;0.79;0.9;2.0;2.0;1;1;111492;1.0;7.0;18.0;4.0;4.5;26.0;0.13;1.0;2;10.0;12.0;1.01;0.78;0.9;2.0;2
58;4;1;0;0;0;0;1;0;0;2;8.0;25.0;3.0;4.75;26.0;0.15;0;80.0;2;10.0;12.0;0.87;0.77;1.01;2.0;2.0;1;1;111492;2.0;0.0;28.0;4.0;4.5;26.0;0.08;1.0;2;10.0;12.0;1.04;0.84;0.94;2.0;2
59;4;0;0;0;0;0;1;0;0;3;0.0;15.0;3.0;4.25;26.0;0.1;0;90.0;1;7.5;10.5;0.91;0.89;0.81;2.0;2.0;1;1;111492;1.0;0.0;16.0;4.0;4.25;26.0;0.1;0.0;1;7.5;10.5;1.01;0.84;0.86;2.0;2
60;4;0;0;0;0;0;1;0;0;0;10.0;20.0;5.0;4.25;4.0;0.1;0;75.0;1;10.5;11.5;0.94;0.74;0.86;2.0;2.0;1;1;111792;2.0;10.0;20.0;5.0;4.25;4.0;0.25;0.0;1;10.0;12.0;0.98;0.84;0.86;2.0;2
407;2;1;0;0;0;0;0;1;0;0;2.0;12.0;3.0;4.75;52.0;0.12;0;90.0;3;11.0;10.0;0.95;0.74;2.33;4.0;3.0;1;1;111492;NA;1.0;14.0;3.0;4.25;4.0;0.3;0.0;1;11.0;11.0;0.95;0.84;2.53;4.0;3
430;1;0;0;0;0;0;1;0;0;0;20.0;25.0;4.0;4.25;13.0;0.15;0;44.0;2;7.0;15.0;0.95;0.75;0.8;3.0;3.0;1;1;110792;NA;0.0;48.0;3.0;4.25;26.0;0.13;0.0;2;7.0;16.0;0.91;0.73;0.75;3.0;3
432;1;0;0;0;0;0;1;0;0;0;20.0;55.0;5.0;4.5;17.0;0.15;0;75.0;2;7.0;16.0;0.94;0.74;0.79;4.0;3.0;1;1;110792;1.0;25.0;10.0;4.0;5.05;26.0;0.2;0.0;2;7.0;16.0;0.94;0.74;0.79;3.0;1
433;1;0;0;0;0;0;1;0;0;0;10.0;30.0;4.0;4.25;13.0;0.15;0;75.0;2;7.0;16.0;0.95;0.73;0.8;3.0;3.0;2;1;123092;6.0;0.0;42.0;4.0;NA;NA;NA;0.0;2;7.0;16.0;0.94;0.74;0.74;3.0;3
434;1;0;0;0;0;0;1;0;0;2;15.0;50.0;5.0;4.25;6.0;0.25;0;77.0;2;7.0;16.0;0.95;0.75;NA;3.0;3.0;1;1;111692;NA;19.0;29.0;4.0;4.25;NA;NA;0.0;2;7.0;16.0;0.95;0.8;0.8;3.0;3
435;1;0;0;0;0;0;1;0;0;1;1.0;37.5;3.0;4.25;4.0;0.17;1;25.0;2;6.5;15.5;0.95;0.75;0.79;3.0;3.0;1;1;110792;NA;0.0;32.0;5.0;4.25;6.0;0.15;1.0;2;6.5;15.5;0.94;0.74;0.79;3.0;2
438;2;0;0;0;0;0;1;0;0;2;0.0;9.0;3.0;4.25;52.0;0.07;0;11.0;2;11.0;8.0;1.01;0.84;2.43;2.0;1.0;1;1;111292;NA;2.0;9.0;3.0;4.25;52.0;0.05;0.0;2;11.0;9.0;0.95;0.84;2.43;2.0;1
440;4;0;0;0;0;0;1;0;0;2;0.0;25.0;3.0;4.25;19.0;0.15;0;100.0;2;10.5;11.5;0.89;0.79;2.01;2.0;2.0;1;1;111392;NA;0.0;30.0;3.0;NA;NA;NA;0.0;2;10.5;11.5;1.0;0.8;1.8;2.0;2
441;4;0;0;0;0;0;1;0;0;2;30.0;10.0;3.0;4.25;4.0;0.25;1;100.0;2;10.5;11.5;0.89;0.77;0.84;2.0;2.0;1;1;111392;NA;0.0;30.0;3.0;4.25;4.0;0.25;0.0;2;10.5;11.5;1.0;0.8;1.81;2.0;2
443;4;0;0;0;0;0;1;0;0;0;4.0;19.0;4.0;4.25;4.0;0.25;0;95.0;2;10.5;11.5;0.89;0.79;1.8;2.0;2.0;1;1;111392;NA;5.0;20.0;4.0;4.35;17.0;0.18;0.0;2;10.5;11.5;1.0;0.8;1.81;2.0;2
444;4;0;0;0;0;0;1;0;0;2;12.0;20.0;3.0;4.25;19.0;0.37;0;NA;2;10.5;12.5;0.89;0.8;0.84;2.0;2.0;1;1;111392;NA;10.0;35.0;4.0;4.5;4.0;0.3;0.0;2;10.5;11.5;0.89;NA;0.79;2.0;2
446;1;0;0;0;0;0;0;1;0;2;NA;NA;3.0;4.5;4.0;0.25;0;50.0;2;6.0;18.0;1.03;0.84;0.94;NA;NA;1;1;110792;NA;7.0;24.0;4.0;5.0;4.0;0.25;1.0;2;6.0;18.0;0.97;0.84;0.91;4.0;3
448;1;0;0;0;0;0;0;1;0;0;8.0;18.0;4.0;4.75;4.0;0.25;1;78.0;2;6.0;18.0;0.97;0.84;0.91;3.0;3.0;1;1;111892;1.0;8.0;27.0;3.0;4.5;13.0;0.25;0.0;2;6.0;18.0;0.96;0.83;0.87;3.0;3
449;1;0;0;0;0;0;0;1;0;2;0.0;25.0;3.0;4.87;3.5;NA;0;3.0;2;6.0;18.0;NA;NA;NA;4.0;4.0;1;1;110792;NA;15.0;15.0;5.0;5.0;52.0;0.25;0.0;2;6.0;18.0;0.97;0.84;0.73;3.0;3
450;1;0;0;0;0;0;0;1;0;0;2.0;21.0;3.0;4.75;13.0;0.15;0;50.0;2;6.5;16.5;0.97;0.82;0.84;3.0;3.0;1;1;111892;2.0;27.5;8.0;3.0;4.75;13.0;0.25;1.0;2;6.0;18.0;0.91;0.84;0.86;3.0;3
454;2;1;0;0;0;0;0;1;0;0;1.0;9.0;3.0;4.5;4.0;0.15;0;NA;2;11.0;10.0;0.94;0.73;2.53;4.0;3.0;1;1;111292;NA;0.0;18.0;5.0;5.0;13.0;0.25;0.0;1;11.0;11.0;0.94;0.73;2.64;4.0;3
459;3;1;0;0;0;0;0;1;0;0;5.0;20.0;3.0;4.25;13.0;0.37;0;NA;2;6.0;16.0;1.05;0.9;0.94;5.0;NA;2;1;122292;1.0;0.0;20.0;5.0;4.35;28.0;0.15;1.0;2;7.0;15.0;1.01;1.01;0.89;4.0;2
466;4;0;0;0;0;0;0;1;0;2;8.0;17.5;4.0;4.75;17.0;0.3;1;65.0;3;10.5;11.5;0.94;0.8;0.94;2.0;2.0;1;1;111892;5.0;14.0;12.0;3.0;NA;52.0;NA;0.0;1;10.5;11.5;0.94;NA;NA;2.0;2
471;1;0;0;0;0;0;0;1;0;2;25.0;20.0;4.0;4.25;26.0;NA;0;50.0;2;6.0;18.0;0.97;0.84;0.91;2.0;2.0;1;1;111692;NA;12.0;23.0;3.0;4.25;26.0;0.15;0.0;2;6.0;18.0;0.97;0.86;0.91;3.0;1
472;1;0;0;0;0;0;0;1;0;2;37.5;2.0;3.0;4.25;52.0;NA;0;80.0;2;6.5;16.5;0.97;1.05;0.91;3.0;3.0;1;1;110792;NA;8.0;25.0;3.0;4.9;13.0;0.18;0.0;2;6.0;17.0;0.96;0.84;0.91;3.0;3
473;1;0;0;0;0;0;0;1;0;0;5.0;27.0;4.0;4.75;26.0;0.5;1;50.0;2;6.0;17.0;0.97;0.86;0.89;3.0;2.0;1;1;111792;1.0;26.0;15.0;2.0;4.5;19.0;0.13;0.0;2;6.0;17.0;0.97;0.84;0.86;3.0;3
475;1;0;0;0;0;0;0;1;0;1;25.0;8.0;3.0;4.5;NA;NA;0;60.0;1;7.0;15.0;1.02;0.89;0.9;3.0;3.0;1;1;110792;NA;10.0;16.0;3.0;4.5;26.0;0.15;0.0;1;7.0;15.0;1.02;0.94;0.9;3.0;3
476;1;0;0;0;0;0;1;0;0;2;6.0;30.0;3.0;4.25;52.0;0.12;0;60.0;2;6.0;18.0;0.95;0.79;0.91;3.0;3.0;1;1;111792;1.0;5.0;30.0;3.0;4.75;52.0;0.2;0.0;2;6.0;18.0;0.96;0.84;1.18;3.0;3
477;1;0;0;0;0;0;0;1;0;1;8.0;28.0;4.0;4.25;39.0;0.12;1;50.0;2;6.5;16.5;0.97;0.78;0.99;3.0;3.0;1;1;110792;NA;6.0;20.0;4.0;6.25;26.0;0.5;0.0;2;6.0;17.0;0.96;0.84;0.89;3.0;3
478;1;0;0;0;0;0;1;0;0;0;32.0;25.0;4.0;4.5;13.0;0.22;0;30.0;2;6.0;19.0;0.97;0.86;0.91;3.0;3.0;2;1;122292;1.0;8.0;30.0;4.0;4.35;13.0;0.25;0.0;2;6.0;18.0;1.01;0.88;0.91;3.0;2
485;2;1;0;0;0;0;0;1;0;2;1.0;9.0;3.0;4.5;26.0;0.37;0;80.0;2;11.0;10.0;0.95;0.74;2.33;4.0;3.0;1;1;111292;NA;4.0;12.0;3.0;4.5;19.0;NA;0.0;2;11.0;11.0;1.01;0.73;2.32;4.0;3
491;3;0;0;0;0;0;0;1;0;0;4.0;25.0;2.0;4.5;13.0;0.37;0;100.0;2;8.5;13.0;1.05;0.91;0.95;3.0;2.0;2;3;123092;3.0;0.0;0.0;0.0;NA;NA;NA;NA;.;NA;NA;NA;NA;NA;NA;.
492;3;1;0;0;0;0;0;1;0;0;2.0;16.0;3.0;4.5;13.0;0.25;0;75.0;2;9.0;12.5;1.11;1.05;0.94;2.0;1.0;1;1;111192;NA;4.0;15.0;2.0;4.5;19.0;0.1;0.0;2;9.0;12.5;1.11;1.11;1.05;2.0;1
497;4;1;0;0;0;0;0;1;0;0;12.0;15.0;3.0;4.5;13.0;0.15;1;37.0;2;10.0;12.0;0.91;0.84;0.84;2.0;2.0;1;1;111392;NA;NA;NA;5.0;NA;NA;NA;0.0;2;10.0;12.0;1.01;0.9;0.79;2.0;2
498;4;1;0;0;0;0;0;1;0;2;20.0;10.0;3.0;4.75;26.0;0.1;1;75.0;2;10.0;12.0;0.91;0.84;0.85;2.0;2.0;1;1;111792;2.0;21.0;5.5;3.0;5.0;26.0;NA;1.0;2;10.0;12.0;0.98;0.84;0.9;2.0;2
501;1;0;0;0;0;0;0;1;0;0;14.0;15.0;3.0;4.25;4.0;0.37;1;63.0;2;6.5;16.5;0.84;0.84;0.94;3.0;3.0;1;1;111792;2.0;30.0;15.0;6.0;4.75;4.0;0.35;1.0;1;6.0;18.0;1.03;0.91;0.91;3.0;3
503;1;0;0;0;0;0;0;1;0;2;7.5;14.0;4.0;4.75;NA;0.12;0;100.0;2;6.5;16.5;0.97;0.84;0.91;3.0;3.0;1;1;110792;NA;35.0;6.5;3.0;4.5;13.0;0.15;0.0;2;6.0;18.0;0.97;0.84;1.0;3.0;3
510;3;1;0;0;0;0;0;1;0;0;7.0;25.0;4.0;4.25;26.0;0.25;0;60.0;2;6.0;16.0;1.05;0.91;1.05;3.0;3.0;1;1;111892;2.0;2.5;17.5;3.0;NA;13.0;NA;1.0;2;7.0;15.0;1.05;1.01;NA;5.0;3
511;3;1;0;0;0;0;0;1;0;0;4.0;16.0;3.0;4.75;9.0;0.15;0;75.0;2;6.0;16.5;1.01;0.91;1.05;4.0;4.0;1;1;111192;NA;3.0;13.0;3.0;4.75;NA;NA;0.0;2;7.0;15.0;1.01;1.01;0.89;6.0;2
514;3;0;0;0;0;0;0;1;0;0;5.0;20.0;3.0;4.5;26.0;0.25;0;25.0;2;6.0;16.0;0.94;0.9;0.94;5.0;3.0;1;1;111192;1.0;23.0;16.0;3.0;4.25;10.0;0.2;0.0;2;6.0;16.0;0.95;0.95;1.05;6.0;4
516;3;1;0;0;0;0;0;1;0;2;6.0;22.5;3.0;4.75;13.0;0.12;0;23.0;3;6.0;16.0;1.05;0.91;1.05;4.0;3.0;1;1;111692;NA;2.0;12.0;2.0;4.91;14.0;0.18;1.0;2;8.0;14.0;1.01;0.95;0.89;5.0;3
521;1;0;0;0;0;0;1;0;0;0;2.5;20.0;3.0;4.25;13.0;NA;1;50.0;2;6.5;16.5;NA;NA;0.52;4.0;4.0;1;1;110792;NA;0.0;12.0;8.0;4.4;13.0;0.13;1.0;2;7.0;16.0;0.41;0.84;0.89;4.0;2
522;1;0;0;0;0;0;1;0;0;2;2.0;30.0;4.0;4.35;26.0;0.2;0;75.0;3;7.0;16.0;1.0;0.87;0.94;3.0;3.0;1;1;110792;NA;3.0;23.0;3.0;4.25;26.0;0.15;0.0;3;7.0;16.0;1.0;0.74;0.95;3.0;3
113;1;0;1;0;1;0;0;0;0;0;0.0;22.0;4.0;NA;NA;NA;1;NA;2;7.0;16.0;1.06;0.95;1.0;4.0;NA;1;1;111092;NA;2.0;40.0;5.0;5.05;26.0;0.28;1.0;2;7.0;16.0;1.05;0.9;0.98;3.0;2
123;1;0;1;0;1;0;0;0;0;0;0.0;20.0;5.0;NA;13.0;NA;0;28.0;2;7.0;14.5;1.06;0.95;1.01;2.0;1.0;1;1;111092;NA;5.0;25.0;4.0;5.05;26.0;0.15;0.0;3;7.5;14.0;1.05;0.94;1.0;3.0;2
135;3;0;1;0;1;0;0;0;0;0;10.0;20.0;4.0;NA;26.0;NA;0;NA;0;9.0;12.5;NA;NA;NA;5.0;3.0;1;1;111692;NA;8.0;24.0;3.0;5.05;NA;0.25;0.0;2;10.0;11.5;1.16;1.06;1.05;5.0;3
138;3;1;1;0;0;1;0;0;0;0;4.5;25.5;2.0;NA;NA;NA;1;NA;2;10.0;11.5;1.12;1.07;1.06;6.0;NA;1;1;111692;NA;2.0;33.0;3.0;5.05;26.0;0.2;0.0;2;10.0;11.5;1.21;1.01;0.94;6.0;4
153;1;0;1;0;0;1;0;0;0;0;0.0;25.0;9.0;NA;52.0;0.15;0;33.0;1;7.0;17.0;1.0;0.95;0.89;4.0;3.0;1;1;111092;NA;26.5;10.0;3.0;5.05;26.0;0.15;0.0;2;7.0;17.0;1.05;0.95;0.95;3.0;2
181;2;0;1;0;0;1;0;0;0;0;0.0;13.0;3.0;NA;NA;NA;0;100.0;1;10.5;11.0;0.91;0.79;2.34;3.0;2.0;1;1;111192;NA;1.0;15.0;2.0;5.05;NA;0.25;0.0;1;10.5;11.0;0.95;0.9;2.49;3.0;2
191;4;0;1;0;0;1;0;0;0;0;30.0;20.0;4.0;NA;NA;NA;0;NA;2;10.5;12.0;1.06;0.95;1.06;NA;1.0;1;1;111792;1.0;0.0;25.0;4.0;5.05;6.0;0.25;1.0;2;10.5;12.0;1.02;0.94;1.05;2.0;2
231;1;0;1;0;0;1;0;0;0;1;NA;10.0;3.0;NA;26.0;NA;0;NA;2;7.0;16.0;1.02;1.02;0.95;2.0;2.0;1;1;111092;NA;16.0;6.0;4.0;5.05;4.0;0.25;0.0;1;7.0;16.0;0.9;0.95;0.95;3.0;1
236;1;0;1;0;0;1;0;0;0;3;0.0;34.0;4.0;NA;17.0;NA;0;95.0;1;7.0;17.0;1.18;1.02;1.06;4.0;3.0;1;1;111792;2.0;23.0;22.0;4.0;5.05;8.0;0.28;1.0;1;7.0;18.0;1.1;1.01;0.99;4.0;3
254;4;0;1;1;0;0;0;0;1;0;20.0;10.0;3.0;NA;16.0;NA;0;NA;1;7.0;16.0;1.06;0.86;1.06;2.0;2.0;1;1;111492;1.0;28.0;10.0;3.0;5.25;8.0;0.2;1.0;1;7.0;15.0;1.0;0.85;1.05;2.0;2
255;4;0;1;1;0;0;0;0;0;2;0.0;14.0;3.0;NA;52.0;0.27;1;10.0;1;7.0;14.0;1.01;0.79;0.85;2.0;2.0;1;1;111392;NA;8.0;12.0;2.0;NA;52.0;0.14;0.0;1;7.0;14.0;1.0;0.85;2.11;2.0;2
294;1;0;1;0;0;1;0;0;0;3;0.0;35.0;3.0;NA;26.0;0.2;0;70.0;2;7.0;16.0;1.06;0.95;0.95;3.0;3.0;1;1;110992;NA;0.0;35.0;3.0;5.05;26.0;0.2;0.0;2;7.0;16.0;1.05;0.94;0.94;3.0;2
306;3;1;1;0;0;1;0;0;0;0;15.0;15.0;3.0;NA;17.0;NA;0;NA;2;6.0;17.0;1.02;NA;1.06;4.0;4.0;1;1;111792;1.0;6.0;20.0;3.0;5.05;26.0;0.23;0.0;2;6.0;18.0;1.11;1.05;1.05;NA;2
311;4;0;1;0;0;1;0;0;0;2;0.0;30.0;4.0;NA;26.0;0.32;1;78.0;2;10.5;11.5;0.91;0.91;1.06;2.0;2.0;1;1;111392;NA;35.0;30.0;3.0;5.05;NA;0.2;0.0;2;10.5;11.5;1.01;0.95;1.05;2.0;2
315;1;0;1;1;0;0;0;0;0;0;5.0;19.0;2.0;NA;4.0;0.25;1;65.0;3;7.0;16.0;1.0;0.85;0.88;3.0;2.0;1;1;110992;NA;4.5;20.0;2.0;5.05;8.0;0.08;0.0;2;7.0;16.0;1.05;0.84;0.87;3.0;2
335;1;1;1;1;0;0;0;0;0;0;9.0;10.0;3.0;NA;13.0;0.17;0;100.0;1;6.0;17.0;1.06;0.92;0.92;5.0;2.0;1;1;111892;3.0;7.0;13.0;3.0;5.05;26.0;0.13;0.0;1;6.0;17.0;1.05;0.94;0.94;5.0;2
372;1;1;1;0;0;1;0;0;0;2;0.0;45.0;5.0;NA;26.0;0.15;1;30.0;3;6.5;19.0;1.1;0.95;1.1;4.0;NA;1;1;111792;1.0;30.0;20.0;5.0;5.05;8.0;0.08;0.0;2;6.5;18.5;1.06;1.05;1.04;4.0;3
6;3;1;1;0;1;0;0;0;0;2;2.0;2.0;2.0;5.0;13.0;0.25;0;100.0;1;11.0;7.0;1.2;1.17;2.35;4.0;2.0;1;1;111792;1.0;5.0;2.0;2.0;5.05;13.0;0.15;0.0;1;10.0;8.0;1.11;1.01;2.23;4.0;2
14;2;0;1;0;1;0;0;0;0;0;10.0;8.0;2.0;5.12;6.0;0.25;0;0.0;3;11.0;11.0;1.06;0.85;2.49;6.0;5.0;1;1;110592;NA;4.0;17.0;3.0;5.05;13.0;0.25;1.0;2;11.0;11.0;1.05;0.94;2.6;6.0;3
26;1;0;1;0;0;1;0;0;0;3;30.0;15.0;4.0;5.56;6.0;NA;1;NA;2;7.0;16.0;1.06;0.91;0.98;4.0;2.0;1;1;111792;2.0;10.0;20.0;4.0;5.05;NA;NA;0.0;2;7.0;16.0;1.01;0.94;0.94;5.0;4
27;2;1;1;0;1;0;0;0;0;2;4.0;10.0;4.0;5.0;NA;0.37;0;0.0;1;11.0;10.0;1.06;0.85;2.34;4.0;3.0;1;1;111292;NA;0.0;7.0;4.0;5.05;26.0;0.25;0.0;1;11.0;10.0;1.05;0.84;2.53;4.0;3
30;2;0;1;0;0;1;0;0;0;4;6.0;4.0;2.0;5.0;13.0;0.37;0;0.0;1;11.0;10.0;1.06;1.06;2.53;2.0;2.0;1;1;111292;NA;4.0;3.0;2.0;5.05;19.0;0.25;1.0;1;11.0;10.0;0.94;0.92;2.69;2.0;2
31;2;0;1;0;1;0;0;0;0;2;4.0;16.0;3.0;5.25;13.0;0.15;0;0.0;2;11.0;11.0;1.03;1.06;2.56;4.0;3.0;1;1;111492;3.0;6.0;15.0;5.0;5.05;26.0;0.25;0.0;1;10.5;12.5;1.0;1.05;2.64;4.0;4
33;3;0;1;0;0;1;0;0;0;0;12.0;20.0;4.0;5.0;26.0;0.25;0;7.0;2;6.0;17.0;1.02;1.07;0.95;5.0;4.0;1;1;111392;NA;6.0;11.0;5.0;5.05;NA;0.2;0.0;2;6.0;17.0;1.11;1.06;1.05;4.0;2
36;4;0;1;0;1;0;0;0;0;0;8.0;12.0;4.0;5.5;30.0;0.17;1;0.0;2;10.5;13.0;1.02;0.91;2.57;2.0;2.0;1;1;111492;NA;10.0;35.0;6.0;5.05;26.0;0.15;1.0;2;10.5;12.5;0.95;0.89;1.19;2.0;2
77;3;0;1;0;0;1;0;0;0;0;6.0;50.0;4.0;5.0;4.0;0.15;0;100.0;2;6.0;19.0;1.18;1.07;1.17;6.0;5.0;1;1;111992;4.0;4.0;60.0;3.0;5.05;52.0;0.15;0.0;2;6.0;19.0;1.06;1.06;1.05;6.0;2
78;3;1;1;0;0;1;0;0;0;0;13.0;10.0;3.0;5.0;26.0;0.15;0;0.0;2;6.0;17.0;1.12;1.02;1.02;4.0;2.0;1;1;111392;NA;10.0;12.0;2.0;5.05;26.0;0.1;0.0;2;7.0;16.0;1.11;1.01;1.05;5.0;3
81;4;0;1;0;0;1;0;0;0;4;25.0;13.0;3.0;5.0;26.0;0.1;0;95.0;2;10.0;12.0;1.06;0.98;1.06;2.0;2.0;2;1;121592;3.0;0.0;45.0;4.0;5.05;NA;NA;1.0;2;10.5;11.5;1.11;0.98;2.07;2.0;1
82;4;0;1;0;0;1;0;0;0;6;8.0;14.5;3.0;5.0;13.0;0.37;1;0.0;2;10.5;13.5;1.06;1.03;1.06;2.0;2.0;1;1;111492;NA;25.0;8.0;4.0;5.05;13.0;0.18;1.0;2;10.5;13.5;1.11;0.98;1.05;2.0;2
83;4;0;1;0;0;1;0;0;0;2;12.5;20.0;2.0;5.0;13.0;0.25;0;11.0;2;10.5;13.5;1.06;0.98;2.13;2.0;2.0;1;1;111792;2.0;NA;NA;4.0;5.05;26.0;0.5;0.0;2;10.0;14.0;1.11;0.89;0.99;2.0;2
85;1;0;1;0;1;0;0;0;1;3;7.0;20.0;3.0;5.5;26.0;0.52;0;1.0;1;9.0;12.5;1.12;1.02;1.02;5.0;4.0;1;1;111692;NA;0.0;35.0;3.0;5.05;26.0;0.18;0.0;1;9.0;12.5;1.11;1.01;1.05;5.0;1
89;1;1;1;0;1;0;0;0;0;2;10.0;6.0;3.0;5.0;13.0;0.17;0;0.0;2;7.0;16.0;1.09;0.95;1.04;3.0;2.0;1;1;111092;NA;6.0;25.0;6.0;5.5;4.0;0.63;0.0;2;7.0;16.0;1.11;1.01;1.05;3.0;3
94;2;0;1;0;1;0;0;0;0;2;0.0;25.0;5.0;5.0;26.0;0.25;0;0.0;3;11.0;10.0;1.06;0.8;2.56;NA;NA;1;1;111292;NA;2.0;20.0;4.0;5.05;52.0;0.25;0.0;1;11.0;10.0;1.05;0.79;2.53;3.0;.
103;4;0;1;0;0;1;0;0;0;2;12.5;10.0;3.0;5.0;26.0;0.27;0;50.0;2;10.5;11.5;0.91;0.85;0.95;2.0;2.0;1;1;111492;2.0;NA;NA;2.0;5.05;13.0;NA;0.0;2;10.5;12.5;1.05;0.84;1.26;2.0;2
112;4;0;1;0;0;1;0;0;0;0;4.0;26.0;3.0;5.0;13.0;0.2;0;80.0;2;10.0;14.0;1.06;0.98;1.06;2.0;2.0;2;1;121392;9.0;5.0;25.0;6.0;5.05;28.0;0.18;0.0;2;10.5;12.5;1.11;1.09;2.07;NA;.
128;2;1;1;0;1;0;0;0;0;3;6.5;7.5;2.0;5.0;NA;0.15;0;NA;2;11.0;11.0;1.06;0.85;2.34;4.0;2.0;1;1;111492;1.0;3.0;16.0;2.0;5.05;26.0;0.25;0.0;1;11.0;11.0;1.05;0.79;2.32;3.0;2
129;3;0;1;0;1;0;0;0;0;3;20.0;20.0;3.0;5.25;26.0;0.05;0;0.0;2;6.0;16.0;1.1;1.0;0.74;6.0;4.0;1;1;111392;NA;7.0;18.0;4.0;5.05;52.0;0.25;0.0;2;6.0;16.0;1.11;1.0;0.89;4.0;3
131;3;0;1;0;1;0;0;0;0;2;15.0;25.0;4.0;5.5;4.0;0.37;1;10.0;2;6.0;17.0;1.06;1.06;1.06;5.0;2.0;2;1;121692;2.0;8.0;22.0;3.0;5.05;NA;NA;0.0;2;7.0;15.0;1.05;1.11;1.05;5.0;4
139;4;0;1;0;1;0;0;0;0;0;NA;NA;2.0;5.5;NA;NA;0;NA;2;10.5;12.5;0.95;0.95;1.06;2.0;1.0;1;1;111492;NA;11.0;25.0;5.0;5.5;19.0;0.25;1.0;2;11.0;12.0;NA;NA;NA;NA;.
143;4;0;1;0;1;0;0;0;0;3;0.0;30.0;3.0;5.37;26.0;0.25;1;15.0;2;10.5;11.5;0.95;0.95;1.06;2.0;2.0;2;4;121692;2.0;NA;NA;NA;NA;NA;NA;NA;.;NA;NA;NA;NA;NA;NA;.
144;4;0;1;0;1;0;0;0;0;2;10.0;30.0;3.0;5.05;26.0;0.15;1;0.0;2;10.5;12.5;0.91;0.85;1.06;2.0;2.0;1;1;111792;1.0;4.0;37.0;3.0;5.05;26.0;0.35;1.0;2;10.5;12.5;0.94;0.94;1.26;2.0;2
145;1;0;1;0;0;1;0;0;0;0;5.0;17.0;3.0;5.0;13.0;0.15;1;0.0;2;7.0;16.0;1.06;0.95;0.95;3.0;2.0;1;1;111092;NA;10.0;8.0;4.0;5.28;26.0;0.13;1.0;2;7.0;16.0;1.05;0.96;0.95;3.0;2
147;1;0;1;0;0;1;0;0;0;0;8.5;6.5;3.0;5.12;8.0;0.25;0;100.0;2;7.0;14.0;1.12;0.89;0.95;2.0;2.0;1;1;111892;1.0;6.0;0.0;3.0;5.25;13.0;0.38;0.0;2;7.0;14.0;1.13;0.91;0.91;2.0;2
148;1;0;1;0;0;1;0;0;0;4;4.5;30.0;4.0;5.25;26.0;0.17;1;0.0;2;7.0;17.0;1.06;0.95;0.95;3.0;2.0;1;1;111092;NA;7.5;30.0;4.0;5.05;26.0;0.2;1.0;2;7.0;17.0;1.05;0.94;0.94;3.0;3
151;1;0;1;0;0;1;0;0;0;0;1.0;12.0;3.0;5.0;12.0;0.1;0;92.0;2;7.0;15.0;1.09;0.81;1.04;3.0;3.0;2;3;123092;2.0;0.0;0.0;0.0;NA;NA;NA;NA;.;NA;NA;NA;NA;NA;NA;.
152;1;0;1;0;0;1;0;0;0;0;35.0;15.0;4.0;5.12;9.0;0.67;1;10.0;1;7.0;15.0;1.17;0.95;1.02;3.0;2.0;1;1;111092;NA;12.0;13.5;5.0;5.05;13.0;0.28;0.0;2;7.0;15.0;1.16;0.94;0.94;3.0;3
157;2;0;1;0;0;1;0;0;0;0;10.0;5.0;3.0;5.0;26.0;0.25;0;0.0;1;10.5;12.0;0.91;0.85;2.34;3.0;3.0;1;1;111792;2.0;12.0;8.0;2.0;5.5;26.0;0.25;0.0;1;10.5;11.0;0.95;0.83;2.47;2.0;2
161;3;1;1;0;0;1;0;0;0;0;8.0;25.0;4.0;5.0;19.0;0.15;0;2.0;2;6.0;17.0;1.12;1.02;1.06;7.0;3.0;1;1;111992;4.0;26.0;12.0;4.0;5.05;NA;NA;0.0;2;6.0;17.0;1.11;1.06;1.05;7.0;5
163;3;1;1;0;0;1;0;0;0;0;12.0;18.0;3.0;5.0;13.0;0.15;0;11.0;2;6.0;16.5;1.2;1.07;1.06;3.0;3.0;1;1;111292;NA;1.5;33.0;3.0;5.05;26.0;0.15;0.0;2;7.0;15.0;NA;NA;NA;NA;.
164;3;1;1;0;0;1;0;0;0;0;4.0;30.0;4.0;5.0;26.0;0.1;0;3.0;2;5.0;19.0;1.12;1.02;1.06;5.0;3.0;1;1;111292;NA;5.0;15.0;3.0;5.05;52.0;0.15;0.0;2;6.0;17.0;1.11;1.06;1.05;5.0;3
165;4;0;1;0;0;1;0;0;0;1;20.0;10.0;3.0;5.0;15.0;0.27;1;60.0;2;10.5;12.5;1.06;0.89;1.06;3.0;2.0;1;1;111792;1.0;10.0;17.0;4.0;5.05;14.0;0.13;0.0;2;10.5;12.5;1.05;0.98;1.05;2.0;2
169;1;1;1;0;0;1;0;0;0;0;12.0;33.0;4.0;5.0;13.0;0.25;0;50.0;2;7.0;16.0;1.1;0.94;1.04;3.0;3.0;1;1;111692;NA;20.0;6.0;4.0;5.05;52.0;0.15;0.0;2;7.0;16.0;1.11;1.05;1.05;3.0;3
170;1;1;1;0;0;1;0;0;0;1;10.0;20.0;3.0;5.0;52.0;0.52;0;0.0;2;7.0;16.0;1.1;1.02;1.08;3.0;2.0;1;1;111092;NA;20.0;20.0;4.0;5.05;4.0;NA;0.0;1;7.0;16.0;1.29;1.11;1.18;4.0;4
187;3;0;1;0;0;1;0;0;1;0;4.0;20.0;3.0;5.62;26.0;0.52;0;2.0;2;7.0;15.0;1.12;1.09;1.06;4.0;3.0;1;1;111292;NA;5.0;17.5;3.0;5.05;13.0;0.2;0.0;2;7.0;15.0;1.11;1.06;1.05;4.0;4
190;3;1;1;0;0;1;0;0;0;0;5.0;42.0;4.0;5.0;26.0;0.12;1;NA;2;6.0;16.0;1.02;1.07;1.06;5.0;NA;1;1;111292;NA;7.0;30.0;4.0;5.05;26.0;0.18;0.0;2;7.0;15.0;1.05;1.01;1.74;5.0;3
196;4;1;1;0;0;1;0;0;0;0;8.0;19.0;4.0;5.0;26.0;0.2;0;NA;2;10.5;11.5;0.95;0.85;1.06;2.0;2.0;1;1;111392;NA;0.0;30.0;3.0;5.05;26.0;0.18;0.0;2;10.5;12.5;1.0;0.9;2.11;2.0;2
197;1;0;1;0;0;1;0;0;0;0;23.0;10.0;4.0;5.0;26.0;0.25;0;50.0;2;7.0;17.0;0.99;0.89;0.89;3.0;2.0;1;1;111792;1.0;5.0;21.0;5.0;5.05;26.0;0.13;0.0;3;7.0;17.0;1.05;0.95;0.95;3.0;1
234;1;0;1;0;0;1;0;0;0;2;0.0;10.0;3.0;5.0;26.0;NA;0;0.0;2;7.0;16.0;1.12;NA;0.49;2.0;2.0;1;1;111892;2.0;10.0;4.0;3.0;5.05;26.0;NA;0.0;2;7.0;16.0;1.04;1.01;0.58;3.0;2
240;3;1;1;0;0;1;0;0;0;0;15.0;35.0;3.0;5.1;26.0;0.25;0;20.0;2;6.0;17.0;1.18;1.02;1.06;6.0;4.0;1;1;111692;1.0;15.0;15.0;3.0;5.05;26.0;0.15;0.0;2;6.0;17.0;1.1;1.0;1.05;6.0;4
241;3;0;1;0;0;1;0;0;0;2;15.0;25.0;4.0;5.0;13.0;0.37;1;30.0;2;7.0;16.0;1.12;1.02;1.06;5.0;5.0;1;1;111192;1.0;15.0;NA;4.0;5.05;26.0;0.1;0.0;2;7.0;16.0;1.15;1.05;1.05;5.0;5
242;3;1;1;0;0;1;0;0;0;0;25.0;10.0;3.0;5.25;13.0;0.25;1;0.0;2;6.0;17.0;1.1;1.02;1.06;5.0;4.0;1;1;111192;NA;12.0;10.0;3.0;5.05;8.0;0.2;1.0;2;7.0;16.0;1.11;1.06;1.05;6.0;4
245;3;0;1;0;0;1;0;0;0;3;15.0;8.0;3.0;5.5;NA;NA;0;0.0;1;8.5;13.5;1.2;1.02;1.02;4.0;2.0;1;1;111792;3.0;8.0;12.0;4.0;5.05;26.0;NA;0.0;1;8.5;13.0;1.11;1.11;1.05;5.0;1
259;1;0;1;1;0;0;0;0;0;0;13.0;12.0;4.0;5.0;4.0;0.25;0;50.0;2;7.5;14.5;1.02;0.85;0.85;3.0;3.0;1;1;110992;NA;15.0;15.0;4.0;5.05;NA;NA;0.0;2;7.5;14.5;1.05;NA;0.84;3.0;3
268;1;1;1;1;0;0;0;0;0;1;10.0;18.0;4.0;5.0;26.0;0.17;1;0.0;2;7.0;15.0;1.02;0.85;0.85;5.0;4.0;1;1;110992;NA;0.0;42.5;2.0;5.05;26.0;0.25;1.0;2;7.0;15.0;0.94;0.78;0.84;4.0;4
271;2;1;1;1;0;0;0;0;0;3;0.0;13.0;2.0;5.0;13.0;0.1;0;38.0;2;11.0;11.0;1.02;0.79;2.34;4.0;2.0;1;1;111792;1.0;0.0;15.0;3.0;5.05;8.0;0.1;0.0;2;11.0;12.0;0.9;0.73;2.28;4.0;3
272;2;1;1;1;0;0;0;0;0;4;4.0;11.0;3.0;5.05;4.0;0.2;0;0.0;1;11.0;11.0;0.95;0.74;2.34;4.0;2.0;1;1;111492;1.0;2.0;14.0;3.0;5.25;26.0;0.2;0.0;2;11.0;12.0;0.94;0.73;2.32;4.0;3
274;2;1;1;1;0;0;0;0;0;0;0.0;15.0;2.0;5.5;26.0;0.12;0;27.0;2;11.0;10.0;0.91;0.74;2.34;4.0;3.0;1;1;111392;NA;3.0;7.0;3.0;5.05;26.0;0.2;0.0;1;11.0;11.0;NA;NA;2.32;NA;.
276;2;1;1;1;0;0;0;0;0;3;5.0;10.0;3.0;5.0;26.0;0.25;0;0.0;2;11.0;10.5;0.95;0.74;2.19;4.0;3.0;1;1;111392;NA;5.0;15.0;3.0;5.05;26.0;0.28;0.0;3;11.0;12.0;0.95;0.73;2.32;5.0;3
296;1;1;1;0;0;1;0;0;0;0;5.0;16.0;4.0;5.3;26.0;0.25;0;50.0;2;7.0;16.0;1.06;0.95;1.01;3.0;3.0;1;1;111892;3.0;4.0;9.0;6.0;5.05;13.0;NA;0.0;2;7.0;16.0;1.05;0.94;1.0;3.0;2
299;2;1;1;0;0;1;0;0;0;0;3.0;8.0;2.0;5.0;26.0;NA;0;0.0;1;10.5;11.5;1.06;0.85;2.34;3.0;2.0;1;1;111792;1.0;6.0;12.0;2.0;5.05;13.0;0.25;0.0;1;11.0;11.5;1.05;0.84;2.32;3.0;2
301;2;1;1;0;0;1;0;0;0;4;8.0;12.0;5.0;5.0;11.0;0.36;1;0.0;3;11.0;10.5;1.06;0.85;2.34;3.0;1.0;1;1;111492;1.0;2.0;7.0;1.0;5.05;4.0;0.5;0.0;2;11.0;10.5;0.94;0.84;2.32;3.0;2
320;2;0;1;1;0;0;0;0;1;0;5.0;9.0;2.0;5.0;13.0;0.12;1;0.0;2;11.0;12.0;1.12;0.8;2.45;4.0;4.0;1;1;111392;NA;4.0;6.0;3.0;5.05;NA;NA;0.0;1;11.0;11.0;1.05;0.84;2.43;4.0;3
321;2;0;1;1;0;0;0;0;1;0;3.0;14.0;3.0;5.0;NA;0.25;0;10.0;2;10.5;12.5;1.12;0.85;2.45;4.0;2.0;1;1;111492;2.0;4.0;11.0;2.0;5.05;13.0;0.15;0.0;1;11.0;12.0;1.05;0.84;2.43;4.0;3
324;3;0;1;1;0;0;0;0;0;2;20.0;46.0;5.0;5.25;26.0;0.2;0;0.0;2;0.0;24.0;1.18;1.06;NA;5.0;2.0;2;1;121892;4.0;22.0;39.0;5.0;5.05;52.0;0.25;1.0;2;0.0;24.0;1.22;1.05;1.05;5.0;2
326;3;1;1;1;0;0;0;0;1;3;18.0;45.0;5.0;5.15;11.0;0.15;0;7.0;2;0.0;24.0;1.26;0.99;NA;4.0;3.0;1;1;111892;1.0;0.0;45.0;4.0;5.05;NA;NA;0.0;2;0.0;24.0;1.22;NA;1.05;4.0;2
330;4;0;1;1;0;0;0;0;1;0;4.0;16.0;3.0;5.42;13.0;0.12;1;0.0;1;10.5;15.5;1.01;0.86;0.95;2.0;2.0;1;1;111392;NA;3.0;20.0;3.0;5.67;52.0;0.25;0.0;1;10.5;14.5;0.94;0.79;1.26;2.0;2
334;1;0;1;1;0;0;0;0;0;0;10.0;10.0;3.0;5.0;4.0;0.17;0;0.0;3;9.0;12.5;0.91;0.91;0.91;3.0;3.0;1;1;110992;NA;0.0;20.0;3.0;5.05;26.0;0.18;NA;3;9.0;12.5;0.9;0.9;0.85;3.0;2
349;3;1;1;1;0;0;0;0;0;1;2.5;27.0;5.0;5.0;6.0;0.15;0;10.0;2;6.0;16.0;1.12;0.91;0.95;3.0;3.0;1;1;111192;NA;0.0;20.0;4.0;5.05;4.0;0.18;0.0;2;7.0;15.0;1.01;1.01;0.94;3.0;3
354;4;0;1;1;0;0;0;0;0;3;14.0;7.0;3.0;5.06;4.0;0.25;1;10.0;1;10.5;10.5;0.95;0.86;0.95;2.0;2.0;1;1;111392;NA;9.0;7.0;3.0;5.05;13.0;0.23;0.0;1;10.5;10.5;1.0;0.85;0.94;2.0;2
356;4;0;1;1;0;0;0;0;0;3;11.5;10.0;4.0;5.05;13.0;NA;1;0.0;1;10.5;11.5;0.95;0.8;1.06;2.0;2.0;1;1;111492;NA;0.0;28.0;4.0;5.05;17.0;0.15;1.0;1;10.5;11.5;1.0;0.85;1.05;2.0;2
357;4;0;1;0;0;1;0;0;0;1;4.5;20.0;3.0;5.0;16.0;0.2;0;100.0;1;10.5;11.5;0.95;0.86;0.95;2.0;2.0;1;1;111392;NA;21.0;6.0;3.0;5.25;13.0;0.25;0.0;1;10.5;12.5;1.0;0.84;2.35;2.0;2
371;1;0;1;0;0;1;0;0;0;0;12.0;23.0;4.0;5.0;13.0;0.15;0;100.0;2;7.0;16.0;1.06;1.02;0.95;3.0;3.0;1;1;110792;NA;11.0;22.0;5.0;5.25;26.0;NA;0.0;3;7.0;16.0;NA;NA;NA;4.0;2
373;1;1;1;0;0;1;0;0;0;0;14.0;12.0;4.0;5.0;4.0;0.25;0;100.0;2;6.5;15.5;1.01;0.95;1.03;6.0;3.0;1;1;110792;NA;18.0;15.0;4.0;5.05;13.0;0.25;1.0;2;6.5;15.5;1.1;0.94;1.02;6.0;5
375;1;0;1;0;0;1;0;0;0;3;25.0;10.0;4.0;5.25;26.0;0.25;1;0.0;1;7.0;15.0;1.02;0.8;NA;4.0;2.0;1;1;111692;1.0;0.0;25.0;4.0;5.5;26.0;0.1;1.0;1;7.0;15.0;1.05;0.94;1.01;3.0;3
378;1;1;1;0;0;1;0;0;0;4;10.0;8.0;4.0;5.0;52.0;0.1;0;NA;2;6.5;18.5;1.1;0.96;1.1;5.0;5.0;1;1;110792;NA;20.0;15.0;4.0;5.05;52.0;0.25;1.0;2;6.0;19.0;1.05;0.99;1.03;6.0;4
381;1;0;1;0;0;1;0;0;0;0;10.0;20.0;4.0;5.0;13.0;0.5;1;0.0;2;6.5;16.5;1.27;1.17;1.1;4.0;2.0;1;1;111692;NA;15.0;15.0;5.0;5.05;8.0;0.47;1.0;2;6.5;16.5;1.37;1.16;1.16;4.0;2
403;3;1;1;0;0;1;0;0;0;2;13.0;31.0;NA;5.05;26.0;0.15;0;10.0;2;6.0;18.0;1.09;1.12;1.06;5.0;4.0;1;1;111892;3.0;11.0;23.0;3.0;5.05;13.0;NA;1.0;2;7.0;16.0;1.11;1.06;1.05;4.0;4
406;4;1;1;0;0;1;0;0;0;0;12.0;35.0;4.0;5.0;NA;0.32;0;0.0;1;10.5;11.5;1.02;NA;2.14;2.0;2.0;1;1;111392;NA;17.0;22.0;4.0;5.5;13.0;NA;NA;1;10.5;12.5;0.84;0.94;1.99;2.0;2
407;4;1;1;0;0;1;0;0;0;2;5.0;10.0;2.0;5.75;26.0;0.15;1;0.0;2;11.0;10.5;1.17;1.17;1.38;1.0;1.0;1;1;111392;NA;8.0;7.0;3.0;5.5;26.0;0.15;0.0;2;11.0;10.5;1.05;1.16;2.32;1.0;1
409;1;0;1;0;0;1;0;0;0;0;3.0;60.0;2.0;5.0;39.0;NA;0;0.0;1;7.0;15.0;1.19;0.87;0.95;3.0;3.0;1;1;111792;2.0;0.0;15.0;3.0;5.05;NA;NA;0.0;1;7.0;15.0;1.09;1.04;1.01;3.0;3
1;1;0;1;0;1;0;0;0;0;0;16.0;30.0;4.0;4.5;NA;0.25;0;80.0;3;7.0;16.0;0.93;0.83;0.85;4.0;3.0;1;1;110592;NA;20.0;40.0;4.0;5.05;NA;NA;0.0;2;7.0;16.0;1.05;0.79;0.9;4.0;3
2;1;0;1;0;1;0;0;0;0;0;10.0;6.0;3.0;4.75;26.0;0.5;1;80.0;1;7.0;14.0;1.06;0.91;0.96;2.0;2.0;1;1;110592;NA;7.5;10.0;3.0;5.25;19.0;0.38;1.0;1;7.0;15.0;1.05;1.01;0.94;2.0;2
3;2;0;1;0;1;0;0;0;0;3;6.0;13.0;3.0;4.25;13.0;0.25;1;50.0;2;11.0;10.0;1.06;0.95;3.09;5.0;3.0;1;1;111792;2.0;4.0;7.0;3.0;5.05;26.0;0.25;0.0;1;11.0;11.0;1.05;0.94;2.75;5.0;3
4;3;0;1;0;1;0;0;0;0;0;10.0;12.0;3.0;4.75;4.0;0.25;0;50.0;2;9.0;12.5;1.06;1.0;2.13;8.0;4.0;1;1;110592;NA;5.0;30.0;4.0;5.05;26.0;0.28;0.0;2;8.0;13.5;1.22;1.37;0.89;6.0;4
5;3;0;1;0;1;0;0;0;0;0;5.0;30.0;4.0;4.5;13.0;0.17;0;NA;1;6.0;17.0;0.95;NA;2.13;5.0;4.0;1;1;111892;2.0;10.0;30.0;4.0;5.15;4.0;0.18;0.0;2;6.0;17.0;1.05;0.94;0.94;5.0;5
8;4;0;1;0;1;0;0;0;0;0;NA;25.0;4.0;4.8;NA;0.15;0;NA;1;10.5;12.0;1.02;0.91;2.28;2.0;1.0;1;1;110592;NA;15.0;25.0;3.0;5.05;26.0;0.33;0.0;2;10.0;13.0;1.01;1.01;0.94;2.0;2
9;1;0;1;0;1;0;0;0;0;2;12.0;40.0;4.0;4.37;26.0;0.15;0;35.0;2;7.0;16.0;1.04;0.67;0.85;4.0;4.0;1;1;110592;NA;0.0;32.0;4.0;5.05;26.0;0.13;0.0;2;7.0;16.0;1.11;0.92;1.01;4.0;3
10;1;0;1;0;1;0;0;0;0;0;15.0;20.0;4.0;4.25;39.0;0.17;0;80.0;2;7.0;16.0;1.04;0.85;0.85;3.0;3.0;1;1;110592;NA;15.0;15.0;4.0;5.05;4.0;0.28;0.0;2;7.0;16.0;0.94;0.87;0.94;3.0;2
11;1;0;1;0;1;0;0;0;0;2;10.0;30.0;4.0;4.25;26.0;0.1;0;80.0;2;7.0;16.0;1.09;0.89;0.91;3.0;3.0;1;1;111792;1.0;12.0;24.0;3.0;5.05;NA;NA;0.0;2;7.0;16.0;1.05;0.87;0.94;3.0;2
12;1;0;1;0;1;0;0;0;0;0;6.5;23.5;3.0;4.37;9.0;0.1;0;100.0;2;7.0;16.0;1.05;0.79;0.91;3.0;3.0;1;1;111892;3.0;15.0;15.0;4.0;5.05;26.0;0.25;0.0;3;7.0;16.0;1.01;0.92;0.94;3.0;2
13;2;0;1;0;1;0;0;0;0;0;0.0;25.0;3.0;4.5;7.0;0.25;0;100.0;2;11.0;10.0;1.06;0.95;2.66;5.0;4.0;1;1;111792;1.0;2.0;11.0;3.0;5.0;13.0;0.25;0.0;1;11.0;11.0;1.01;0.94;2.75;4.0;3
15;3;0;1;0;1;0;0;0;0;3;3.0;25.0;4.0;4.6;9.0;0.15;1;95.0;2;6.0;17.0;1.02;0.98;0.95;5.0;4.0;2;1;121092;5.0;5.0;20.0;3.0;5.05;NA;0.25;0.0;2;6.0;17.0;1.05;1.01;2.0;3.0;3
16;3;0;1;0;1;0;0;0;0;0;6.0;22.0;4.0;4.5;13.0;0.25;0;50.0;2;6.0;17.0;1.0;1.0;NA;5.0;5.0;1;1;110592;NA;7.0;17.0;3.0;5.05;19.0;0.25;0.0;2;6.0;17.0;1.05;1.01;0.94;5.0;5
17;3;0;1;0;1;0;0;0;0;0;0.0;20.0;4.0;4.37;13.0;0.25;0;60.0;2;6.0;17.0;1.06;1.0;2.02;6.0;5.0;1;1;111692;1.0;4.0;35.0;4.0;5.05;13.0;0.2;0.0;2;6.0;17.0;1.05;0.94;0.95;6.0;5
18;3;0;1;0;1;0;0;0;0;2;15.0;25.0;3.0;4.25;13.0;NA;0;50.0;2;6.0;17.0;NA;NA;NA;4.0;4.0;1;1;110592;NA;8.0;38.0;5.0;5.05;NA;0.25;1.0;2;6.0;17.0;1.05;1.0;0.63;7.0;7
19;1;0;1;1;0;0;0;0;0;3;4.0;31.0;4.0;4.25;4.0;0.25;0;50.0;2;6.0;16.0;1.05;0.91;0.93;3.0;3.0;1;1;110592;NA;6.0;44.0;5.0;5.05;52.0;0.3;0.0;2;6.0;16.0;1.04;0.93;0.95;2.0;2
21;2;0;1;1;0;0;0;0;0;0;5.0;12.0;3.0;4.45;6.0;0.1;0;90.0;2;10.5;10.5;1.06;0.8;2.13;3.0;3.0;1;1;111492;1.0;0.0;11.0;2.0;5.05;NA;NA;0.0;2;11.0;10.0;0.94;0.94;2.43;3.0;3
22;3;0;1;1;0;0;0;0;0;2;3.0;15.0;4.0;4.35;26.0;0.12;0;90.0;2;7.0;16.0;1.06;0.84;0.95;4.0;1.0;1;1;110592;NA;3.0;15.0;2.0;5.05;19.0;0.13;0.0;2;7.0;15.0;1.05;1.05;0.94;4.0;4
23;1;0;1;0;0;1;0;0;0;2;0.0;25.0;3.0;4.5;26.0;0.12;0;75.0;2;7.0;16.0;1.06;0.95;0.95;3.0;2.0;1;1;111792;1.0;14.0;14.0;3.0;5.05;NA;NA;0.0;1;6.5;16.5;1.05;0.94;0.94;3.0;2
24;1;0;1;0;1;0;0;0;0;2;15.0;15.0;4.0;4.75;13.0;0.25;1;40.0;2;7.0;16.0;1.06;0.95;1.01;4.0;3.0;2;1;122192;3.0;15.0;20.0;4.0;5.05;52.0;0.15;0.0;2;NA;NA;1.05;0.94;1.0;4.0;3
28;2;0;1;0;0;1;0;0;0;6;0.0;14.0;1.0;4.5;NA;0.25;0;10.0;2;11.0;10.0;1.06;1.17;2.56;2.0;1.0;1;1;111892;3.0;6.0;2.0;3.0;NA;NA;NA;0.0;1;11.0;10.0;NA;1.05;2.64;3.0;2
29;2;0;1;0;0;1;0;0;0;3;0.0;7.0;2.0;4.5;4.0;0.25;0;NA;2;11.0;11.0;1.06;1.01;2.56;3.0;2.0;1;1;111292;NA;0.0;13.0;3.0;5.05;26.0;0.25;0.0;1;11.0;11.0;1.05;1.05;2.64;3.0;3
32;3;0;1;0;0;1;0;0;0;0;10.0;20.5;3.0;4.5;26.0;0.25;0;40.0;2;10.5;11.5;1.12;1.02;1.06;4.0;3.0;1;1;111792;1.0;2.0;25.0;3.0;5.05;26.0;0.23;0.0;2;10.5;11.5;1.22;1.11;2.28;4.0;4
34;3;1;1;0;0;1;0;0;0;0;5.0;15.0;3.0;4.95;26.0;NA;0;75.0;2;10.5;11.5;1.12;1.02;1.06;5.0;3.0;1;1;111392;NA;11.0;7.0;3.0;5.05;26.0;0.5;0.0;2;10.5;11.5;1.22;1.11;0.73;5.0;2
35;4;0;1;0;0;1;0;0;0;2;25.0;6.5;4.0;4.5;9.0;0.25;1;NA;2;10.5;11.5;0.96;0.95;2.13;2.0;2.0;1;1;111992;6.0;13.0;18.0;3.0;5.05;13.0;0.25;0.0;2;10.5;11.5;1.03;NA;NA;2.0;2
38;1;0;1;0;1;0;0;0;0;0;15.0;20.0;5.0;4.25;17.0;0.15;0;100.0;2;6.0;17.0;1.05;0.95;0.98;3.0;2.0;1;1;111092;NA;10.0;20.0;6.0;5.05;NA;0.25;0.0;3;6.5;17.5;0.98;0.82;0.76;3.0;2
63;1;1;1;0;0;1;0;0;0;1;26.0;6.0;NA;4.25;26.0;NA;0;75.0;2;6.0;18.0;1.1;0.97;1.17;4.0;3.0;1;1;111792;1.0;15.0;10.0;4.0;5.05;26.0;0.1;0.0;2;7.0;18.0;1.11;1.01;1.09;4.0;3
64;1;0;1;0;0;1;0;0;0;1;20.0;15.0;3.0;4.5;26.0;0.2;0;60.0;3;7.0;16.0;1.06;0.95;0.95;3.0;2.0;1;1;111092;NA;13.0;13.0;3.0;5.05;26.0;0.25;0.0;2;7.0;16.0;1.05;0.95;0.95;3.0;3
65;1;0;1;0;0;1;0;0;0;5;0.0;20.0;4.0;4.8;52.0;0.25;0;90.0;2;6.5;15.5;1.06;0.85;1.11;3.0;3.0;2;2;121592;3.0;NA;NA;3.0;5.05;NA;NA;NA;.;NA;NA;NA;NA;NA;NA;.
66;1;0;1;0;0;1;0;0;0;0;15.0;18.0;3.0;4.25;26.0;0.15;0;20.0;2;7.0;17.0;1.06;0.95;0.95;3.0;2.0;1;1;111092;NA;26.0;10.0;4.0;5.05;26.0;0.25;1.0;1;7.0;17.0;1.05;0.95;0.95;3.0;3
67;1;0;1;0;0;1;0;0;0;0;5.0;15.0;6.0;4.5;13.0;0.25;0;55.0;1;8.0;13.5;1.17;1.06;1.17;3.0;2.0;1;1;111092;NA;4.0;17.5;5.0;5.05;NA;NA;0.0;1;8.0;13.5;1.32;1.05;1.22;3.0;3
68;1;0;1;0;0;1;0;0;0;1;30.0;10.0;3.0;4.25;14.0;0.05;0;NA;3;7.0;17.0;1.07;1.02;1.02;3.0;3.0;1;1;111092;NA;13.0;17.0;3.0;5.05;13.0;0.28;0.0;3;7.0;17.0;1.05;0.95;0.95;3.0;1
69;1;0;1;0;0;1;0;0;0;0;0.0;27.0;3.0;4.25;13.0;0.22;0;100.0;2;7.0;18.0;1.17;0.95;0.95;4.0;2.0;1;1;111792;NA;0.0;27.0;3.0;5.05;13.0;0.2;0.0;2;7.0;18.0;1.26;1.01;1.0;4.0;2
70;1;0;1;0;0;1;0;0;0;0;35.0;20.0;5.0;4.5;13.0;0.27;0;50.0;1;7.0;16.0;1.06;0.95;1.02;3.0;3.0;1;1;111092;NA;10.0;30.0;5.0;5.05;4.0;0.23;NA;1;7.0;16.0;1.05;0.95;1.01;3.0;3
71;1;0;1;0;0;1;0;0;0;1;0.0;35.0;3.0;4.75;13.0;0.25;0;100.0;3;7.0;17.0;1.06;0.95;0.95;3.0;2.0;1;1;111692;NA;29.0;14.0;3.0;5.05;26.0;0.18;1.0;3;7.0;17.0;1.05;0.95;0.95;3.0;2
73;2;0;1;0;0;1;0;0;0;1;0.0;7.0;3.0;4.25;NA;0.75;0;40.0;3;11.0;12.0;1.06;1.06;2.45;3.0;2.0;1;1;111792;2.0;14.0;0.0;3.0;5.05;4.0;0.05;0.0;2;11.0;11.0;1.05;1.05;2.43;3.0;.
75;2;0;1;0;0;1;0;0;0;0;3.0;15.0;3.0;4.25;4.0;0.25;0;0.0;2;11.0;11.0;1.17;1.27;2.77;3.0;3.0;1;1;111292;NA;4.0;11.0;3.0;5.05;6.0;0.25;1.0;2;11.0;11.0;1.16;1.16;2.75;3.0;3
76;3;1;1;0;0;1;0;0;0;0;8.0;32.0;4.0;4.25;26.0;0.2;0;50.0;2;6.0;17.0;1.12;1.02;1.02;6.0;3.0;1;1;111392;NA;25.0;15.0;6.0;5.05;13.0;0.15;1.0;2;6.5;16.5;1.11;1.06;1.05;6.0;3
79;3;1;1;0;0;1;0;0;0;4;6.0;25.0;3.0;4.5;26.0;0.15;0;30.0;2;6.0;17.0;1.17;1.02;1.06;5.0;4.0;1;1;111392;NA;8.0;18.0;3.0;5.05;41.0;0.13;0.0;2;7.0;16.0;1.11;1.06;1.05;5.0;4
80;4;0;1;0;0;1;0;0;0;1;4.5;20.0;NA;4.25;26.0;0.25;0;90.0;2;10.5;11.5;1.06;0.98;1.06;2.0;2.0;1;1;111492;2.0;11.0;14.0;3.0;5.05;13.0;0.1;0.0;2;10.5;12.5;1.12;0.98;0.99;2.0;1
84;1;0;1;0;1;0;0;0;0;3;4.0;30.0;5.0;4.5;26.0;0.15;0;50.0;2;7.0;16.0;1.04;0.85;0.91;4.0;2.0;1;1;111692;NA;12.0;30.0;5.0;5.05;52.0;0.2;0.0;2;7.0;16.0;1.05;0.9;0.94;3.0;3
86;1;0;1;0;1;0;0;0;0;1;11.0;11.0;4.0;4.25;13.0;0.25;0;NA;3;7.0;15.0;1.06;0.94;1.1;3.0;3.0;1;1;111092;NA;9.0;12.0;4.0;5.05;4.0;0.13;0.0;3;7.0;15.0;1.05;1.05;1.04;3.0;3
87;1;0;1;0;1;0;0;0;1;0;0.0;15.0;NA;4.5;26.0;NA;0;NA;2;7.0;15.0;1.06;0.86;1.02;3.0;3.0;1;1;111092;NA;0.0;30.0;5.0;5.05;41.0;0.18;0.0;3;7.0;15.0;1.0;0.99;1.04;3.0;3
88;1;0;1;1;0;0;0;0;0;0;3.0;35.0;3.0;4.25;NA;NA;1;75.0;3;7.0;15.0;1.06;0.87;0.91;5.0;5.0;2;1;121892;2.0;4.0;37.0;4.0;5.05;42.0;0.18;0.0;2;7.0;15.0;1.05;0.87;0.94;5.0;2
91;1;1;1;0;1;0;0;0;1;2;8.0;22.0;4.0;4.25;8.0;0.15;0;100.0;2;7.0;17.0;1.09;0.93;1.04;3.0;3.0;1;1;111792;1.0;0.0;30.0;4.0;5.05;26.0;0.18;0.0;1;7.0;17.0;1.11;1.05;1.05;3.0;3
92;1;1;1;0;1;0;0;0;1;0;4.0;18.0;4.0;4.25;13.0;0.75;0;100.0;2;7.0;15.0;1.09;0.95;1.03;3.0;3.0;1;1;111092;NA;14.0;6.0;3.0;5.05;NA;0.25;0.0;2;7.0;15.0;1.11;1.01;1.05;3.0;3
93;1;1;1;0;0;1;0;0;0;0;2.5;30.0;3.0;4.25;52.0;0.15;0;90.0;2;7.0;16.0;NA;NA;0.96;NA;NA;1;1;111092;NA;5.0;25.0;5.0;5.05;13.0;0.15;0.0;2;7.0;16.0;1.11;1.05;1.05;4.0;3
95;2;0;1;0;1;0;0;0;0;1;18.0;3.0;4.0;4.25;26.0;0.27;0;40.0;1;11.0;10.0;1.06;0.8;2.56;4.0;3.0;1;1;111292;NA;0.0;14.0;3.0;5.05;13.0;0.25;0.0;1;11.0;10.0;1.05;0.75;2.53;3.0;3
96;2;0;1;0;0;1;0;0;0;2;0.0;15.0;2.0;4.25;26.0;0.12;0;80.0;2;11.5;10.0;1.06;1.01;2.66;3.0;2.0;1;1;111892;3.0;0.0;15.0;5.0;5.05;26.0;0.15;0.0;2;11.5;10.5;1.05;0.94;2.59;4.0;0
97;2;0;1;0;1;0;0;0;0;2;0.0;12.0;4.0;4.25;13.0;0.25;1;58.0;2;11.0;10.0;1.02;0.75;2.56;3.0;2.0;1;1;111292;NA;2.5;11.0;3.0;5.05;13.0;0.3;0.0;2;11.0;10.0;1.05;0.8;2.54;3.0;2
98;2;0;1;0;1;0;0;0;1;0;0.0;20.0;4.0;4.25;13.0;0.4;0;80.0;3;11.0;10.0;1.06;0.8;2.56;3.0;3.0;1;1;111292;NA;3.0;13.0;3.0;5.05;13.0;0.45;0.0;1;11.0;10.0;1.05;0.9;2.53;3.0;3
99;3;1;1;0;1;0;0;0;1;0;60.0;40.0;5.0;4.75;26.0;0.15;0;50.0;2;0.0;24.0;1.23;NA;2.3;8.0;6.0;2;1;121892;6.0;30.0;50.0;4.0;5.05;15.0;0.25;1.0;2;0.0;24.0;1.22;1.17;2.32;5.0;2
101;3;0;1;0;1;0;0;0;1;3;4.5;15.0;3.0;4.75;26.0;0.15;0;80.0;2;7.0;15.0;1.2;1.18;1.06;6.0;4.0;1;1;111392;NA;10.0;12.0;3.0;5.05;26.0;0.15;0.0;2;7.0;15.0;1.15;1.1;1.05;8.0;3
102;3;0;1;1;0;0;0;0;0;2;12.0;13.0;3.0;4.4;52.0;0.2;0;15.0;2;7.0;16.0;1.06;0.91;1.07;6.0;4.0;1;1;111392;NA;0.0;27.0;2.0;5.05;52.0;0.25;0.0;2;7.0;15.0;1.07;1.01;1.05;5.0;5
104;4;0;1;0;1;0;0;0;1;0;40.0;20.0;3.0;4.62;4.0;0.32;1;50.0;2;10.5;11.5;0.95;0.84;0.94;2.0;2.0;1;1;111492;1.0;11.0;10.0;3.0;5.05;26.0;0.08;1.0;2;10.5;12.5;1.0;0.84;0.94;2.0;2
105;1;0;1;0;0;1;0;0;0;2;0.0;40.0;4.0;4.25;10.0;NA;0;50.0;2;6.5;16.5;0.96;1.0;1.03;4.0;2.0;1;1;111092;NA;0.0;45.0;4.0;5.05;13.0;0.25;0.0;2;6.5;16.5;1.05;0.99;1.16;4.0;3
106;1;0;1;0;0;1;0;0;0;0;0.0;35.0;3.0;4.25;26.0;0.27;0;65.0;3;7.0;16.0;1.06;0.95;0.95;2.0;1.0;1;1;111092;NA;2.0;25.0;3.0;5.05;26.0;0.2;0.0;0;7.0;16.0;1.05;0.95;0.95;2.0;2
107;1;1;1;0;0;1;0;0;0;0;6.0;11.0;3.0;4.25;8.0;0.32;0;40.0;1;8.0;14.5;1.17;0.95;0.95;3.0;3.0;2;1;123092;9.0;13.5;10.0;2.0;5.05;NA;NA;0.0;1;8.0;14.0;NA;1.01;1.0;4.0;2
108;1;0;1;0;0;1;0;0;0;2;13.5;15.0;4.0;4.25;26.0;0.37;1;6.0;1;7.0;17.0;1.27;1.01;1.06;3.0;3.0;1;1;111692;NA;11.0;24.0;5.0;5.05;26.0;0.15;0.0;1;7.0;17.0;1.37;1.02;1.05;3.0;3
111;3;0;1;0;0;1;0;0;0;0;17.0;14.0;3.0;4.25;2.0;0.42;0;55.0;3;7.0;16.0;1.17;1.06;1.01;5.0;5.0;1;1;111892;1.0;20.0;14.5;3.0;5.05;26.0;NA;0.0;2;7.0;16.0;1.16;1.16;1.0;5.0;4
114;1;0;1;0;1;0;0;0;0;2;0.0;35.0;5.0;4.75;26.0;0.57;1;50.0;2;7.0;16.0;1.07;0.95;0.95;3.0;NA;1;1;111792;1.0;20.0;40.0;4.0;5.25;26.0;0.25;0.0;2;6.5;16.5;1.11;0.94;0.94;3.0;3
115;1;0;1;0;1;0;0;0;0;0;20.0;25.0;4.0;4.75;4.0;0.3;0;25.0;1;7.0;17.0;1.06;0.95;1.06;4.0;3.0;1;1;111092;NA;6.0;15.0;4.0;5.05;NA;NA;NA;1;7.0;17.0;1.05;0.95;1.01;4.0;4
116;1;0;1;0;1;0;0;0;0;0;4.0;22.5;2.0;4.25;18.0;0.37;0;90.0;2;8.5;13.0;1.49;1.02;1.11;7.0;3.0;1;1;111092;NA;22.0;12.0;3.0;5.05;13.0;0.45;1.0;2;8.5;13.0;1.39;0.95;1.21;8.0;2
118;1;0;1;0;0;1;0;0;0;3;10.0;15.0;4.0;4.25;26.0;0.15;0;70.0;2;7.0;15.0;1.06;0.95;1.01;4.0;2.0;1;1;111692;NA;18.0;20.0;3.0;5.05;26.0;0.38;0.0;2;7.0;15.0;1.05;0.94;1.0;4.0;2
119;1;0;1;0;0;1;0;0;0;2;12.0;19.0;3.0;4.75;13.0;0.27;1;50.0;3;6.5;16.5;1.06;0.91;0.95;3.0;3.0;1;1;111692;1.0;18.0;13.0;4.0;5.05;26.0;NA;0.0;3;6.5;17.5;1.05;0.89;0.95;3.0;3
120;1;1;1;0;1;0;0;0;0;3;0.0;32.0;3.0;4.5;NA;NA;0;NA;2;7.0;16.0;1.13;0.98;1.04;3.0;2.0;1;1;111992;3.0;0.0;30.0;4.0;5.05;NA;NA;0.0;2;7.0;16.0;1.05;1.05;1.05;3.0;2
122;1;0;1;0;0;1;0;0;0;0;1.0;38.0;5.0;4.25;4.0;0.2;0;70.0;1;9.0;12.5;NA;1.12;1.12;5.0;3.0;1;1;111092;NA;10.0;50.0;6.0;5.05;26.0;0.1;0.0;1;9.0;12.5;1.15;0.94;1.15;6.0;4
124;1;0;1;0;1;0;0;0;0;1;8.0;10.0;3.0;4.25;13.0;0.25;0;14.0;2;8.0;15.0;1.06;0.91;1.04;2.0;2.0;1;1;111092;NA;21.0;6.0;4.0;5.05;13.0;0.5;1.0;3;7.0;15.0;1.16;0.94;1.12;2.0;2
125;2;0;1;0;1;0;0;0;0;0;15.0;0.0;4.0;4.5;26.0;0.25;0;100.0;1;10.0;12.5;0.91;0.85;2.34;3.0;2.0;1;1;111492;NA;0.0;15.0;2.0;5.05;52.0;0.4;0.0;1;10.0;12.0;1.01;1.01;2.49;4.0;3
130;3;1;1;0;1;0;0;0;0;2;7.0;25.5;3.0;4.5;19.0;0.3;0;15.0;2;5.0;18.0;1.12;1.07;1.0;4.0;3.0;2;1;122192;6.0;2.0;38.0;4.0;5.05;4.0;0.15;0.0;2;7.0;16.0;1.11;1.06;1.05;5.0;3
132;3;1;1;0;1;0;0;0;0;0;20.0;20.0;5.0;4.5;26.0;0.25;0;80.0;2;0.0;24.0;1.28;1.06;2.3;5.0;3.0;1;1;111692;NA;15.0;20.0;3.0;5.5;52.0;0.25;0.0;2;7.0;14.0;NA;NA;NA;2.0;2
133;3;1;1;0;1;0;0;0;0;0;6.0;16.0;2.0;4.75;26.0;NA;0;99.0;2;6.0;17.0;1.12;1.07;1.06;4.0;3.0;1;1;111392;NA;3.0;20.0;3.0;5.05;26.0;NA;0.0;2;7.0;15.0;1.11;1.06;2.11;5.0;3
134;3;0;1;0;1;0;0;0;0;2;5.5;25.0;3.0;4.62;NA;NA;0;42.0;2;6.0;16.0;1.09;NA;0.95;4.0;3.0;1;1;111392;NA;6.0;27.5;3.0;5.05;52.0;0.25;0.0;2;6.0;16.0;1.11;1.06;0.94;4.0;3
136;3;1;1;0;1;0;0;0;0;2;14.5;14.5;5.0;4.25;21.0;0.27;0;5.0;2;6.0;17.0;1.12;1.07;1.1;5.0;4.0;2;0;121692;3.0;NA;NA;NA;NA;NA;NA;NA;.;7.0;16.0;NA;NA;NA;NA;.
137;3;1;1;0;0;1;0;0;0;3;15.0;25.0;3.0;4.25;26.0;0.15;0;50.0;2;6.0;16.0;1.12;1.06;1.02;6.0;4.0;1;1;111692;1.0;12.0;30.0;5.0;5.05;26.0;0.25;0.0;2;7.0;15.0;1.11;1.11;1.05;5.0;3
140;4;0;1;0;1;0;0;0;0;0;0.0;40.0;3.0;4.5;26.0;0.37;1;25.0;2;10.5;11.5;0.91;0.86;1.06;2.0;2.0;1;1;111492;NA;5.0;35.0;5.0;5.67;4.0;0.25;1.0;2;10.5;11.5;1.0;0.94;1.05;2.0;2
141;4;0;1;0;1;0;0;0;0;0;10.0;15.0;4.0;4.75;13.0;0.27;1;NA;2;10.5;12.5;1.02;0.91;1.06;2.0;2.0;1;1;111892;2.0;10.0;25.0;3.0;5.05;13.0;0.18;1.0;2;10.5;12.5;1.05;0.84;1.34;2.0;2
142;4;0;1;0;0;1;0;0;0;0;15.0;35.0;4.0;4.25;26.0;0.15;1;NA;2;10.0;11.5;1.06;0.95;1.06;2.0;2.0;1;1;111492;NA;40.0;31.0;5.0;5.05;26.0;0.18;0.0;2;10.0;11.5;1.01;0.89;1.26;2.0;2
146;1;0;1;0;0;1;0;0;0;3;8.0;20.0;5.0;4.8;26.0;0.25;1;NA;2;7.0;16.0;1.06;1.0;1.06;4.0;3.0;1;1;111092;NA;0.0;32.0;4.5;5.05;26.0;0.17;0.0;2;7.0;16.0;1.05;0.99;1.05;4.0;3
149;1;0;1;0;0;1;0;0;0;1;0.0;20.0;4.0;4.5;26.0;0.27;0;50.0;3;7.0;16.0;1.06;0.95;0.95;2.0;1.0;1;1;111092;NA;8.0;10.0;3.0;5.05;26.0;0.25;0.0;2;7.0;16.0;1.05;0.94;0.94;2.0;2
150;1;0;1;0;0;1;0;0;0;2;0.0;27.5;3.5;4.67;26.0;0.27;1;2.0;2;7.0;16.0;1.23;0.89;0.89;3.0;3.0;2;1;123192;8.0;12.0;20.0;3.0;5.75;28.0;0.58;0.0;2;7.0;15.0;1.11;0.88;0.88;3.0;2
156;1;0;1;0;0;1;0;0;0;0;8.0;15.0;3.0;4.87;6.0;0.25;0;0.0;1;7.0;15.0;1.06;0.95;1.02;8.0;3.0;1;1;111092;NA;2.0;18.0;2.0;5.05;NA;0.3;0.0;2;7.0;15.0;0.95;0.94;1.01;3.0;.
158;2;0;1;0;0;1;0;0;0;1;2.0;7.0;3.0;4.5;4.0;0.12;0;55.0;1;11.0;10.0;0.92;0.7;2.34;3.0;3.0;1;1;111192;NA;3.0;4.0;4.0;5.05;13.0;0.25;0.0;1;11.0;11.5;0.95;0.94;2.49;3.0;2
159;2;0;1;0;0;1;0;0;0;8;6.0;12.0;2.0;4.5;4.0;0.12;0;22.0;1;10.5;10.5;0.98;0.85;2.34;3.0;3.0;1;1;111492;NA;10.0;5.0;4.0;5.25;13.0;0.25;0.0;1;10.5;11.5;0.95;0.84;2.49;4.0;3
162;3;1;1;0;0;1;0;0;0;2;0.0;40.0;3.0;4.75;26.0;0.17;0;45.0;2;6.0;16.5;1.12;1.02;1.06;NA;1.0;1;1;111292;NA;3.0;30.0;3.0;5.05;26.0;0.18;0.0;2;7.0;15.5;1.11;1.01;1.05;6.0;5
166;4;0;1;0;0;1;0;0;0;0;8.0;32.0;5.0;4.75;26.0;0.25;1;40.0;2;10.5;11.5;0.95;0.85;1.06;2.0;2.0;1;1;111392;1.0;0.0;35.0;4.0;5.05;26.0;0.18;0.0;2;10.5;12.5;1.11;0.84;1.26;2.0;2
168;1;0;1;0;0;1;0;0;0;0;5.0;20.0;4.0;4.25;4.0;0.25;1;50.0;1;7.0;15.0;1.06;0.95;0.95;3.0;3.0;1;1;111692;NA;0.0;32.0;4.0;5.25;10.0;0.18;0.0;1;6.0;16.0;1.11;0.95;1.14;3.0;1
171;1;1;1;0;0;1;0;0;1;0;2.0;32.0;3.0;4.25;8.0;0.25;0;NA;2;7.0;16.0;1.09;0.95;1.04;3.0;3.0;1;1;111092;NA;10.0;12.5;5.0;5.05;4.0;0.1;1.0;2;7.0;16.0;1.18;1.04;1.03;3.0;3
172;1;0;1;0;0;1;0;0;0;0;0.0;24.0;5.0;4.75;13.0;0.25;0;0.3;1;9.0;12.5;1.12;1.02;1.06;5.0;4.0;1;1;111692;2.0;7.0;23.0;3.0;5.05;8.0;0.18;0.0;1;9.0;13.0;1.11;1.01;1.05;6.0;3
173;1;0;1;0;0;1;0;0;0;3;6.0;40.0;10.0;4.85;26.0;0.15;0;50.0;2;6.5;17.5;1.06;0.95;0.98;4.0;3.0;1;1;111792;1.0;11.0;30.0;5.0;5.05;26.0;0.15;0.0;2;6.0;18.0;1.05;0.94;1.04;4.0;3
174;1;0;1;0;0;1;0;0;1;2;11.0;20.0;4.0;4.75;26.0;0.15;0;50.0;2;7.0;16.0;1.18;0.88;0.98;4.0;3.0;1;1;111092;NA;20.0;20.0;3.0;5.05;4.0;0.2;0.0;2;7.0;16.0;1.05;0.9;0.98;3.0;3
176;1;0;1;0;0;1;0;0;0;0;15.0;21.0;4.0;4.62;13.0;0.12;0;20.0;1;7.0;16.0;1.06;NA;1.05;4.0;4.0;1;1;111792;1.0;20.0;27.5;4.0;5.05;NA;NA;0.0;2;7.0;16.0;1.04;1.06;NA;NA;.
178;2;1;1;0;0;1;0;0;1;0;13.0;12.0;3.0;4.25;52.0;0.2;1;96.0;1;11.0;10.0;0.91;0.85;2.34;3.0;2.0;1;1;111191;NA;1.0;10.0;3.0;5.05;26.0;0.25;1.0;1;11.0;10.5;1.01;0.94;2.64;3.0;2
179;2;0;1;0;0;1;0;0;0;2;2.0;12.0;3.0;4.25;13.0;0.25;1;90.0;1;10.5;10.5;0.91;0.91;2.34;3.0;3.0;1;1;111892;3.0;2.0;10.0;4.0;5.05;26.0;0.2;0.0;1;10.5;11.0;0.94;0.84;2.49;3.0;3
180;2;0;1;0;0;1;0;0;1;0;8.0;3.0;4.0;4.5;26.0;0.25;0;30.0;2;11.0;11.0;1.06;1.01;2.66;4.0;2.0;1;1;111192;NA;0.0;17.5;4.0;5.05;NA;NA;0.0;2;11.0;12.0;1.05;1.05;2.85;4.0;4
182;2;0;1;1;0;0;0;0;1;0;3.0;15.0;3.0;4.5;4.0;0.25;1;100.0;2;11.0;11.0;1.06;1.01;2.66;4.0;3.0;1;1;111192;NA;0.0;15.0;3.0;5.05;26.0;0.25;0.0;2;11.5;10.0;1.05;1.0;2.73;4.0;3
183;2;0;1;0;0;1;0;0;0;0;12.0;4.0;4.0;4.62;20.0;0.33;0;100.0;3;11.0;11.0;1.06;1.01;2.66;4.0;3.0;1;1;111892;4.0;15.0;10.0;2.0;5.05;13.0;0.25;0.0;2;11.0;10.5;1.05;1.0;2.75;4.0;3
185;2;0;1;0;1;0;0;0;1;0;2.0;9.0;3.0;4.5;13.0;0.2;0;100.0;2;11.0;10.5;1.06;1.01;2.66;4.0;4.0;1;1;111192;NA;2.0;6.0;3.0;5.05;26.0;0.25;1.0;1;11.0;10.5;1.05;1.0;2.75;3.0;3
186;3;0;1;0;0;1;0;0;0;3;10.0;20.0;4.0;4.75;26.0;0.15;1;50.0;2;6.0;16.0;1.12;1.02;0.95;5.0;3.0;1;1;111892;3.0;12.0;18.0;4.0;5.05;26.0;NA;0.0;2;6.0;16.0;1.17;1.06;0.95;5.0;3
189;3;0;1;0;0;1;0;0;0;0;4.0;15.0;3.0;4.75;39.0;0.2;0;95.0;2;7.0;15.0;1.12;1.07;1.12;4.0;2.0;1;1;111292;NA;0.0;19.0;3.0;5.05;52.0;0.2;0.0;2;7.0;15.0;1.11;1.06;1.05;5.0;3
192;4;0;1;0;0;1;0;0;0;2;20.0;10.0;4.0;4.87;26.0;0.17;1;10.0;2;10.0;12.0;0.91;0.85;1.06;2.0;2.0;1;1;111392;NA;4.5;30.0;3.0;5.25;19.0;0.18;0.0;2;10.5;12.5;1.05;0.84;1.26;2.0;2
193;4;0;1;0;0;1;0;0;1;3;1.0;13.0;3.0;4.5;13.0;0.12;1;NA;2;10.0;11.0;0.95;0.85;0.99;2.0;1.0;1;1;111792;2.0;4.0;9.0;3.0;5.05;26.0;0.13;1.0;2;9.0;13.0;1.01;0.9;1.26;2.0;1
195;4;0;1;0;0;1;0;0;1;3;0.0;30.0;3.0;4.25;26.0;NA;1;100.0;2;10.5;11.5;1.06;0.85;1.06;2.0;2.0;1;1;111892;2.0;8.0;25.0;3.0;5.05;26.0;0.15;0.0;2;10.5;12.5;0.94;0.84;2.11;2.0;2
198;1;0;1;0;0;1;0;0;0;0;NA;NA;4.0;4.25;4.0;0.12;1;65.0;3;7.0;16.0;1.06;0.95;0.95;3.0;3.0;1;1;111792;8.0;10.0;32.0;4.0;5.05;26.0;0.15;0.0;2;7.0;16.0;1.05;0.94;0.94;3.0;3
199;2;0;1;0;0;1;0;0;0;0;0.0;12.0;3.0;4.35;NA;0.12;0;25.0;1;11.0;10.0;0.85;0.8;2.34;4.0;3.0;1;1;111192;NA;11.0;3.0;4.0;5.05;2.0;0.45;NA;1;11.0;10.5;0.91;0.9;2.45;4.0;3
200;1;0;1;0;0;1;0;0;0;0;0.0;60.0;3.0;4.25;9.0;0.2;1;15.0;2;6.0;18.0;1.06;0.91;0.98;4.0;3.0;1;1;111092;NA;5.0;40.0;4.0;5.05;52.0;0.25;0.0;2;6.5;17.5;1.05;0.94;0.98;5.0;4
201;1;0;1;0;0;1;0;0;0;0;0.0;33.0;3.0;4.5;26.0;0.35;0;65.0;2;7.0;17.0;1.06;1.02;0.95;3.0;3.0;1;1;111092;NA;16.0;22.0;3.0;5.05;26.0;0.28;1.0;1;7.0;17.0;1.05;0.95;0.95;3.0;3
202;1;0;1;0;0;1;0;0;0;2;30.0;14.0;4.0;4.25;4.0;0.37;1;15.0;2;6.0;19.0;1.17;0.95;0.63;3.0;3.0;1;1;111692;NA;13.0;11.0;4.0;5.05;4.0;0.08;0.0;3;6.0;19.0;1.15;0.95;0.64;3.0;3
203;1;0;1;0;0;1;0;0;0;2;9.0;12.0;2.0;4.25;26.0;0.15;0;50.0;2;7.0;17.0;1.06;0.95;0.95;3.0;3.0;1;1;111092;NA;4.0;34.0;3.0;5.05;26.0;0.18;0.0;0;7.0;17.0;1.05;0.95;0.95;3.0;2
204;1;0;1;0;0;1;0;0;0;0;10.0;8.5;4.0;4.25;13.0;0.27;0;31.0;2;6.5;17.5;1.06;1.0;1.06;3.0;3.0;1;1;111092;NA;12.0;13.5;3.0;5.05;13.0;0.25;0.0;2;6.5;17.5;1.05;0.99;1.05;3.0;2
207;2;1;1;0;0;1;0;0;0;0;8.0;10.0;4.0;4.75;8.0;0.25;0;25.0;1;11.0;12.0;1.06;0.85;2.34;4.0;2.0;1;1;111192;NA;8.5;6.0;2.0;5.2;52.0;0.5;1.0;1;11.0;12.0;1.05;0.84;2.32;5.0;3
208;3;1;1;0;0;1;0;0;0;1;12.0;32.0;4.0;4.62;26.0;0.15;0;95.0;2;6.0;17.0;1.19;0.94;0.85;4.0;4.0;1;1;111792;2.0;5.0;32.0;3.0;5.05;26.0;NA;0.0;2;8.0;14.0;1.06;1.06;1.05;5.0;5
209;3;1;1;0;0;1;0;0;0;0;4.0;36.0;4.0;4.25;26.0;0.12;0;75.0;2;6.0;18.0;1.17;0.95;0.95;5.0;5.0;1;1;111192;NA;6.0;37.0;4.0;5.05;26.0;0.2;0.0;2;7.0;16.0;1.11;1.06;1.05;5.0;5
210;4;1;1;0;0;1;0;0;0;3;0.0;19.0;2.0;4.5;13.0;0.17;1;90.0;2;10.5;11.5;1.06;0.95;0.95;4.0;2.0;1;1;111392;NA;0.0;14.0;3.0;5.05;13.0;0.2;0.0;2;10.0;11.0;NA;NA;NA;4.0;.
211;1;0;1;1;0;0;0;0;0;2;3.0;28.0;4.0;4.5;13.0;NA;0;80.0;2;7.0;15.0;1.02;0.95;0.95;3.0;3.0;1;1;111692;NA;2.0;35.0;4.0;5.05;4.0;NA;0.0;2;7.0;15.0;NA;0.9;NA;3.0;2
212;1;0;1;1;0;0;0;0;0;0;11.0;17.5;3.0;4.5;13.0;0.17;0;95.0;1;7.0;16.0;1.06;0.88;0.84;3.0;2.0;1;1;111092;NA;20.0;15.0;3.0;5.05;4.0;0.53;1.0;2;7.0;16.0;1.05;0.94;0.89;2.0;2
213;1;1;1;1;0;0;0;0;0;1;4.5;20.0;4.0;4.55;4.0;0.15;0;50.0;2;6.5;17.5;0.96;0.93;0.93;4.0;3.0;2;1;121892;2.0;12.0;17.5;4.0;5.05;19.0;0.15;1.0;2;6.5;17.5;1.05;0.94;0.94;4.0;3
214;1;0;1;1;0;0;0;0;0;0;2.0;30.0;3.0;4.62;6.5;0.25;0;75.0;2;7.0;16.0;1.02;0.89;0.91;2.0;2.0;1;1;111892;1.0;0.0;35.0;5.0;5.05;NA;NA;0.0;2;6.75;16.25;1.04;0.93;0.96;3.0;2
215;1;0;1;1;0;0;0;0;0;0;10.0;10.0;3.0;4.5;13.0;0.2;0;100.0;2;7.0;16.0;1.06;0.89;0.91;3.0;3.0;1;1;111092;NA;20.0;10.0;3.0;5.05;26.0;0.15;0.0;3;7.0;16.0;0.93;0.84;0.93;3.0;3
216;2;0;1;1;0;0;0;0;0;0;2.0;11.0;3.0;4.25;13.0;0.15;0;100.0;1;11.0;10.5;1.06;0.95;2.77;4.0;3.0;1;1;111192;NA;2.0;18.0;3.0;5.05;13.0;0.2;0.0;2;11.0;10.5;1.05;0.94;2.75;5.0;3
217;2;1;1;1;0;0;0;0;0;0;2.0;13.0;2.0;4.25;13.0;0.17;0;73.0;1;11.0;10.0;0.95;0.74;2.19;4.0;3.0;1;1;111192;NA;0.0;12.0;3.0;5.05;26.0;0.2;0.0;1;10.5;10.5;0.94;0.73;2.32;4.0;4
218;2;1;1;1;0;0;0;0;0;0;7.0;4.0;2.0;4.35;26.0;0.25;0;5.0;1;11.0;10.0;0.85;0.74;2.34;3.0;2.0;1;1;111192;NA;5.0;3.0;3.0;5.05;26.0;0.25;0.0;1;11.0;11.0;0.95;0.73;2.19;3.0;3
219;2;1;1;1;0;0;0;0;0;0;3.0;9.0;3.0;4.25;19.0;0.12;0;50.0;2;11.0;10.0;0.91;0.74;2.34;4.0;3.0;1;1;111192;NA;9.0;9.0;2.0;5.05;26.0;0.18;0.0;1;10.5;10.5;0.94;0.73;2.53;NA;.
220;2;0;1;1;0;0;0;0;0;4;3.0;15.0;2.0;4.25;13.0;0.25;0;50.0;2;11.0;10.0;1.06;0.95;2.77;5.0;3.0;1;1;111492;1.0;3.0;12.0;3.0;5.05;13.0;0.13;0.0;1;11.0;10.0;1.09;0.9;2.75;4.0;3
221;2;0;1;1;0;0;0;0;0;0;1.0;28.0;3.0;4.6;13.0;0.25;0;95.0;1;11.0;11.0;1.02;0.95;2.56;4.0;3.0;1;1;111192;NA;1.0;15.0;3.0;5.05;13.0;0.15;0.0;1;11.0;11.0;1.05;0.94;2.53;4.0;3
222;3;1;1;1;0;0;0;0;0;3;2.0;24.0;3.0;4.25;13.0;0.25;0;75.0;2;9.0;12.5;1.12;0.85;1.06;3.0;1.0;1;1;111192;NA;2.0;15.0;3.0;5.05;26.0;0.2;0.0;2;10.0;11.5;1.01;1.01;0.89;3.0;1
223;3;1;1;1;0;0;0;0;0;2;3.0;18.0;3.0;4.75;13.0;0.25;0;30.0;2;6.0;16.0;NA;NA;NA;3.0;2.0;2;1;121892;2.0;3.0;20.0;3.0;5.05;28.0;0.25;0.0;2;7.0;15.0;1.01;1.01;0.94;3.0;2
225;3;1;1;1;0;0;0;0;0;0;3.0;27.0;3.0;4.75;13.0;0.2;0;25.0;2;6.0;17.0;1.06;0.91;0.91;6.0;3.0;1;1;111192;NA;12.0;25.0;4.0;5.05;4.0;0.1;0.0;2;6.0;17.0;1.01;1.01;0.94;5.0;3
226;4;0;1;1;0;0;0;0;0;0;0.0;22.0;2.0;4.25;13.0;0.25;0;60.0;1;10.5;11.5;0.95;0.71;0.95;2.0;2.0;1;1;111792;1.0;0.0;26.0;2.0;5.3;52.0;0.15;0.0;1;10.5;10.5;1.0;0.85;0.94;2.0;2
228;4;0;1;1;0;0;0;0;0;0;3.0;28.5;3.0;4.5;13.0;0.2;1;20.0;3;10.5;12.5;0.95;0.86;0.95;2.0;2.0;1;1;111392;NA;11.0;19.0;3.0;5.05;NA;NA;0.0;1;10.5;12.5;1.0;0.84;0.89;2.0;.
229;1;0;1;0;0;1;0;0;0;2;3.0;40.0;3.0;4.5;26.0;0.1;0;30.0;2;8.5;13.5;0.95;0.95;1.06;5.0;4.0;1;1;111692;NA;22.0;11.0;3.0;5.5;26.0;0.15;1.0;2;8.5;13.5;1.01;0.94;0.94;4.0;3
230;1;0;1;0;0;1;0;0;0;0;0.0;25.0;3.0;4.25;26.0;0.1;0;60.0;1;7.0;17.0;1.02;0.95;0.95;3.0;2.0;1;1;111692;NA;15.0;17.0;3.0;5.05;26.0;0.18;0.0;1;7.0;17.0;1.05;0.94;0.94;3.0;2
232;1;0;1;0;0;1;0;0;0;3;18.0;6.0;3.0;4.75;26.0;0.12;1;46.0;3;7.0;16.0;1.06;0.95;0.95;3.0;3.0;1;1;111892;3.0;18.0;10.0;4.0;5.05;13.0;0.25;0.0;2;7.0;15.0;1.05;0.95;0.95;3.0;2
233;1;0;1;0;0;1;0;0;0;0;19.0;7.0;3.0;4.65;13.0;0.32;0;10.0;2;7.0;16.0;1.17;0.95;0.95;2.0;2.0;1;1;111092;NA;15.0;7.0;3.0;5.05;26.0;0.25;0.0;2;7.0;16.0;1.05;0.94;0.94;2.0;2
235;1;0;1;0;0;1;0;0;0;2;5.0;17.0;1.0;4.25;26.0;0.21;0;100.0;2;7.0;16.0;1.02;0.95;1.04;3.0;2.0;2;1;121592;4.0;NA;28.0;3.0;5.05;28.0;0.5;1.0;2;8.0;15.0;1.11;1.11;1.03;4.0;2
237;1;0;1;0;0;1;0;0;0;2;12.0;11.0;4.0;4.25;13.0;0.25;0;50.0;2;7.0;16.0;1.11;0.95;1.01;2.0;2.0;1;1;110992;NA;9.0;17.0;4.0;5.05;4.0;0.2;0.0;2;7.0;15.5;0.94;0.94;1.0;2.0;2
238;2;1;1;0;0;1;0;0;0;2;0.0;22.0;3.0;4.75;9.0;0.12;0;100.0;1;11.0;12.0;1.06;1.02;2.34;5.0;3.0;1;1;111192;NA;25.0;15.0;5.0;5.05;13.0;0.25;1.0;1;11.0;12.0;1.05;1.05;2.32;5.0;3
239;2;0;1;0;0;1;0;0;0;1;15.0;4.0;3.0;4.25;13.0;0.25;0;35.0;1;10.5;13.5;1.05;0.95;2.74;5.0;3.0;1;1;111292;NA;0.0;19.0;2.0;5.05;26.0;0.28;0.0;1;10.5;12.5;1.05;0.84;2.32;5.0;3
243;3;1;1;0;0;1;0;0;0;0;7.0;25.0;3.0;4.5;8.0;0.25;0;40.0;2;6.0;16.5;1.07;1.02;0.74;6.0;3.0;1;1;111192;NA;7.0;22.0;3.0;5.05;26.0;0.1;0.0;2;7.0;15.5;1.11;1.06;1.05;6.0;2
244;3;1;1;0;0;1;0;0;0;3;12.0;30.0;3.0;4.25;4.0;0.25;0;40.0;2;6.0;18.0;1.17;1.12;1.02;4.0;3.0;1;1;111192;NA;16.0;12.0;6.0;5.05;26.0;0.25;0.0;2;7.0;17.0;1.11;1.12;1.05;5.0;3
247;4;0;1;0;0;1;0;0;0;3;0.0;40.0;4.0;4.5;13.0;0.1;0;75.0;2;10.5;15.5;1.06;1.05;1.06;2.0;2.0;2;1;121792;7.0;0.0;40.0;4.0;5.05;NA;NA;1.0;2;10.5;15.5;1.11;1.09;2.07;2.0;2
248;4;0;1;0;0;1;0;0;0;2;8.0;16.0;6.0;4.75;13.0;0.37;0;NA;2;10.0;16.0;1.17;0.95;0.85;2.0;2.0;1;1;111392;NA;10.0;14.0;6.0;5.05;26.0;0.25;0.0;2;10.0;16.0;1.37;0.95;2.03;2.0;1
249;1;0;1;1;0;0;0;0;1;1;6.0;6.0;4.0;4.37;4.0;0.25;0;63.0;1;7.0;15.0;1.13;1.06;0.95;3.0;2.0;1;1;110992;NA;10.0;12.0;3.0;5.05;4.0;0.1;0.0;1;7.0;15.0;1.01;1.01;0.94;3.0;2
250;2;1;1;1;0;0;0;0;1;2;1.0;4.0;2.0;4.5;13.0;0.3;0;100.0;1;11.0;10.0;0.85;NA;NA;4.0;1.0;1;1;111292;NA;2.0;4.0;3.0;5.05;6.0;0.25;0.0;1;11.0;10.0;0.94;0.84;2.52;5.0;3
253;3;1;1;1;0;0;0;0;0;0;7.0;7.0;3.0;4.87;52.0;NA;0;NA;2;7.0;13.0;1.23;1.06;2.3;2.0;2.0;1;1;111192;NA;4.0;8.0;6.0;5.05;52.0;0.23;NA;2;7.0;16.0;1.23;1.11;2.28;3.0;2
257;1;0;1;1;0;0;0;0;1;2;20.0;10.0;3.0;4.25;39.0;0.2;0;10.0;2;7.0;16.0;1.02;0.88;0.91;2.0;2.0;2;2;121492;2.0;NA;NA;NA;NA;NA;NA;NA;.;NA;NA;NA;NA;NA;NA;.
258;1;0;1;1;0;0;0;0;0;0;4.0;22.0;3.0;4.25;8.0;0.15;0;38.0;2;7.0;16.0;1.06;0.92;0.9;3.0;3.0;1;1;110992;NA;20.0;18.0;3.0;5.05;13.0;NA;0.0;2;6.0;18.0;1.08;0.94;0.84;3.0;3
260;1;1;1;1;0;0;0;0;0;2;10.0;20.0;4.0;4.25;4.0;0.17;1;100.0;2;7.0;16.0;1.06;0.93;0.88;4.0;2.0;1;1;110992;NA;4.0;26.0;5.0;5.05;8.0;0.28;0.0;2;7.0;16.0;1.09;0.94;0.93;3.0;3
262;1;0;1;1;0;0;0;0;0;0;7.0;13.0;3.0;4.25;13.0;0.25;0;78.0;2;6.5;16.5;1.06;0.95;1.06;4.0;4.0;1;1;110992;NA;0.0;22.5;3.0;5.05;NA;0.25;0.0;2;6.5;17.5;1.08;1.02;0.87;3.0;3
264;1;0;1;1;0;0;0;0;0;5;0.0;10.0;2.0;4.25;13.0;0.25;1;60.0;3;7.0;15.0;1.02;0.88;0.91;2.0;2.0;2;1;121492;2.0;0.0;23.0;5.0;5.05;14.0;NA;0.0;2;7.0;16.0;1.05;1.11;0.94;3.0;3
265;1;0;1;1;0;0;0;0;0;3;0.0;20.0;1.0;4.25;26.0;0.15;0;100.0;2;7.0;16.0;1.02;0.88;0.94;3.0;3.0;2;3;121492;1.0;0.0;0.0;0.0;NA;NA;NA;NA;.;NA;NA;NA;NA;NA;NA;.
267;1;0;1;1;0;0;0;0;0;0;6.5;20.0;3.0;4.25;26.0;0.22;0;80.0;2;7.0;16.0;0.9;0.8;0.8;3.0;2.0;1;1;110992;NA;30.0;25.0;5.0;5.05;26.0;0.2;0.0;3;7.0;16.0;1.05;0.88;0.91;3.0;2
269;2;1;1;1;0;0;0;0;0;0;2.0;10.0;3.0;4.45;13.0;0.12;0;33.0;2;11.0;10.0;0.95;0.69;1.5;4.0;3.0;1;1;111892;3.0;10.0;3.0;4.0;5.05;26.0;0.17;0.0;2;11.0;11.0;0.94;0.73;2.32;4.0;3
273;2;1;1;1;0;0;0;0;0;0;2.0;14.0;4.0;4.62;13.0;0.2;0;95.0;1;11.0;10.0;0.95;0.74;2.34;4.0;3.0;1;1;111792;2.0;2.0;11.0;3.0;5.05;6.0;0.18;0.0;1;11.0;10.0;0.95;0.74;2.32;4.0;3
275;2;1;1;1;0;0;0;0;0;0;4.0;4.0;4.0;4.25;9.0;0.25;0;38.0;2;11.0;11.0;0.95;0.79;2.34;4.0;3.0;1;1;111492;2.0;1.0;8.0;2.0;5.05;13.0;0.39;0.0;1;11.0;10.5;0.94;0.73;2.32;4.0;2
277;2;1;1;1;0;0;0;0;0;0;2.0;15.0;3.0;4.25;9.0;0.25;0;10.0;3;11.0;10.0;0.95;0.85;2.34;3.0;3.0;1;1;111492;1.0;1.0;14.0;3.0;5.05;NA;NA;0.0;1;11.0;10.0;0.94;0.73;2.32;3.0;3
278;2;1;1;1;0;0;0;0;0;0;3.0;4.0;3.0;4.25;3.0;0.25;0;43.0;2;11.0;10.0;0.95;0.74;2.19;4.0;3.0;1;1;111392;NA;0.0;9.0;4.0;5.05;NA;NA;0.0;1;11.0;11.0;0.95;0.73;2.32;5.0;3
282;3;1;1;1;0;0;0;0;0;2;2.0;14.0;3.0;4.25;13.0;0.13;0;25.0;2;6.0;16.0;1.06;0.91;0.79;4.0;3.0;2;3;121492;1.0;0.0;0.0;0.0;NA;NA;NA;NA;.;NA;NA;NA;NA;NA;NA;.
284;3;1;1;1;0;0;0;0;0;1;5.0;23.0;4.0;4.5;13.0;0.25;1;88.0;2;6.0;16.0;1.02;0.91;0.91;5.0;4.0;1;1;111692;1.0;6.0;12.0;3.0;5.05;26.0;0.28;0.0;2;6.0;16.0;1.01;1.01;0.94;4.0;3
285;3;1;1;1;0;0;0;0;0;1;3.0;25.0;3.0;4.75;4.0;0.25;0;70.0;2;6.0;16.0;1.02;0.91;0.8;4.0;2.0;1;1;111292;NA;3.0;15.0;3.0;5.05;52.0;0.13;0.0;2;6.0;16.0;1.01;1.01;1.01;4.0;2
286;3;1;1;1;0;0;0;0;0;4;1.0;15.0;3.0;4.75;13.0;0.25;0;66.0;2;10.0;11.5;1.12;NA;0.95;2.0;1.0;1;1;111692;1.0;2.0;15.0;3.0;5.05;26.0;0.18;0.0;2;10.0;11.5;1.02;1.01;0.94;2.0;1
287;3;1;1;1;0;0;0;0;0;2;3.0;18.0;3.0;4.5;13.0;0.17;0;70.0;2;6.0;16.0;1.06;0.91;0.95;5.0;3.0;1;1;111292;NA;2.0;15.0;3.0;5.05;4.0;0.15;0.0;2;6.0;16.0;1.01;1.01;0.94;5.0;3
288;3;1;1;1;0;0;0;0;0;3;0.0;20.0;3.0;4.75;NA;0.25;0;15.0;2;6.0;16.0;1.02;0.95;0.95;6.0;4.0;1;1;111292;NA;5.0;9.0;3.0;5.05;19.0;0.15;0.0;2;6.0;16.0;1.01;1.01;0.89;5.0;2
289;3;1;1;1;0;0;0;0;0;2;2.0;12.0;2.0;4.25;13.0;0.2;0;50.0;2;6.0;16.0;1.02;0.95;0.95;5.0;3.0;1;1;111292;NA;3.0;10.0;2.0;5.05;26.0;0.25;0.0;2;7.0;15.0;1.01;1.01;2.0;6.0;3
290;4;0;1;1;0;0;0;0;0;1;8.0;12.0;3.0;4.75;26.0;0.1;0;35.0;3;10.5;12.5;0.95;0.89;0.95;2.0;2.0;1;1;111392;1.0;0.0;23.0;2.0;5.05;NA;NA;0.0;1;10.5;11.5;1.0;0.85;0.94;2.0;2
291;4;0;1;1;0;0;0;0;0;0;4.0;20.0;3.0;4.55;16.0;0.12;0;25.0;1;10.5;11.5;0.95;0.86;0.95;2.0;2.0;1;1;111392;NA;5.0;16.0;3.0;5.1;17.0;0.1;1.0;2;10.5;11.5;1.0;0.85;0.94;2.0;2
292;4;0;1;1;0;0;0;0;1;2;10.0;15.0;3.0;4.8;26.0;0.12;0;2.0;1;7.0;16.0;0.95;0.92;0.95;2.0;1.0;1;1;111392;NA;15.0;11.0;3.0;5.05;52.0;0.25;1.0;1;7.0;16.0;1.0;0.84;2.69;2.0;2
295;1;0;1;0;0;1;0;0;0;3;8.0;9.0;3.0;4.75;26.0;0.12;0;100.0;2;6.5;16.5;1.06;0.95;0.95;3.0;3.0;2;1;121592;1.0;NA;21.0;4.0;5.05;28.0;0.18;0.0;2;6.0;18.0;1.05;0.94;0.94;3.0;3
297;1;1;1;0;0;1;0;0;0;1;9.0;15.0;3.0;4.25;13.0;0.05;0;100.0;2;7.0;16.0;1.06;0.91;0.98;3.0;3.0;1;1;111792;2.0;15.0;30.0;4.0;5.05;26.0;0.15;0.0;2;7.0;16.0;1.05;0.94;0.98;3.0;2
303;3;1;1;0;0;1;0;0;0;0;10.0;35.0;3.0;4.35;26.0;0.27;1;28.0;2;6.0;17.0;1.12;1.0;1.02;6.0;5.0;1;1;111692;NA;12.0;35.0;3.0;5.05;13.0;0.15;0.0;2;7.0;16.0;1.05;1.05;1.05;5.0;3
304;3;0;1;0;0;1;0;0;0;3;10.0;20.0;3.0;4.5;26.0;0.37;0;50.0;2;6.0;17.0;1.27;1.27;2.24;5.0;3.0;1;1;111292;NA;10.0;15.0;4.0;5.05;26.0;0.38;1.0;1;0.0;24.0;1.4;1.29;1.05;5.0;5
305;3;1;1;0;0;1;0;0;0;2;0.0;20.0;3.0;4.39;NA;NA;0;NA;2;6.0;17.0;1.27;1.27;1.06;5.0;4.0;1;1;111792;1.0;5.0;22.0;4.0;5.05;2.0;0.35;0.0;1;6.0;18.0;1.37;1.31;1.05;5.0;4
307;3;1;1;0;0;1;0;0;0;0;17.5;17.5;4.0;4.25;15.0;0.5;0;90.0;2;6.0;18.0;1.19;1.19;1.06;5.0;5.0;1;1;111892;1.0;25.0;25.0;6.0;5.2;NA;NA;0.0;2;0.0;24.0;1.26;NA;1.05;5.0;5
310;4;0;1;0;0;1;0;0;0;2;0.0;28.0;4.0;4.25;13.0;0.25;1;61.0;2;10.5;11.5;0.91;0.91;1.94;2.0;1.0;1;1;111392;NA;3.0;23.0;3.0;5.05;26.0;0.3;0.0;2;10.5;11.5;0.97;0.9;2.06;2.0;2
312;1;0;1;1;0;0;0;0;1;3;4.0;6.0;3.0;4.25;10.0;0.22;0;100.0;1;8.0;11.0;1.22;1.06;0.93;3.0;1.0;1;1;110992;NA;3.0;2.0;3.0;5.05;4.0;0.25;0.0;1;9.0;10.0;1.26;1.05;1.02;3.0;1
313;1;0;1;1;0;0;0;0;1;0;11.0;9.0;4.0;4.5;4.0;0.25;0;80.0;1;7.0;15.0;1.06;0.93;0.94;3.0;2.0;1;1;110992;NA;0.0;30.0;NA;5.05;8.0;0.25;0.0;1;7.0;15.0;1.0;1.01;0.89;3.0;3
314;1;0;1;1;0;0;0;0;1;8;8.0;12.0;3.0;4.62;4.0;0.25;0;80.0;1;7.0;15.0;1.06;0.95;0.91;3.0;2.0;1;1;110992;NA;15.0;6.0;4.0;5.25;13.0;0.15;0.0;1;6.0;16.0;1.05;0.74;0.94;3.0;3
316;1;1;1;1;0;0;0;0;1;0;15.0;15.0;3.0;4.62;8.0;0.25;0;10.0;2;7.0;16.0;1.06;0.92;0.87;3.0;2.0;1;1;111692;NA;12.0;14.0;3.0;5.05;26.0;0.15;1.0;2;7.0;16.0;1.05;0.94;0.94;NA;.
317;1;0;1;1;0;0;0;0;1;3;0.0;8.0;2.0;4.25;13.0;0.17;0;100.0;1;8.0;12.0;1.22;0.93;0.96;3.0;1.0;1;1;111792;1.0;4.0;0.0;3.0;5.05;8.0;0.13;0.0;1;8.0;10.5;1.26;1.05;1.05;2.0;1
318;2;0;1;1;0;0;0;0;1;3;5.0;7.0;3.0;4.75;13.0;0.25;1;36.0;2;11.0;12.0;1.23;0.98;2.61;3.0;3.0;1;1;111292;NA;7.0;6.0;4.0;5.05;13.0;0.5;1.0;1;10.5;11.5;1.11;0.95;2.59;3.0;3
319;2;0;1;1;0;0;0;0;1;2;0.0;11.0;3.0;4.62;2.5;0.12;1;NA;2;10.5;12.5;1.06;0.85;3.95;NA;NA;1;1;111292;NA;22.0;4.0;3.0;5.05;13.0;0.25;1.0;1;10.5;11.5;0.95;0.9;2.43;4.0;3
322;3;1;1;1;0;0;0;0;1;0;8.0;13.0;4.0;4.75;13.0;0.15;0;25.0;2;6.0;16.0;1.06;1.06;1.02;6.0;2.0;1;1;111692;1.0;12.0;5.0;4.0;5.05;13.0;NA;0.0;2;7.0;15.0;0.96;1.01;0.94;6.0;3
325;3;1;1;1;0;0;0;0;1;0;4.0;15.0;4.0;4.5;10.0;0.25;0;50.0;2;6.0;15.0;1.09;1.06;0.79;6.0;3.0;1;1;111692;NA;1.0;15.0;3.0;5.05;26.0;0.1;0.0;2;7.0;15.0;1.02;1.01;1.01;6.0;3
333;1;0;1;0;1;0;0;0;0;0;2.0;16.5;4.0;4.25;13.0;0.2;0;100.0;2;7.0;15.0;1.02;0.88;0.82;4.0;NA;1;1;110992;NA;3.0;20.0;3.0;5.05;13.0;0.18;0.0;2;7.0;15.0;1.04;0.87;0.87;3.0;3
336;1;0;1;1;0;0;0;0;0;2;28.0;12.0;4.0;4.5;4.0;0.2;0;80.0;2;7.0;15.0;1.02;0.91;0.93;3.0;2.0;1;1;110992;NA;10.0;20.0;5.0;5.05;6.0;0.2;0.0;2;6.0;16.0;0.95;1.05;0.94;3.0;3
337;1;1;1;1;0;0;0;0;0;0;5.0;29.5;5.0;4.87;NA;0.3;0;90.0;3;7.0;17.0;1.06;0.93;0.93;4.0;3.0;1;1;110992;NA;25.0;5.0;3.0;5.05;26.0;NA;0.0;2;7.0;17.0;NA;NA;NA;NA;.
339;1;1;1;1;0;0;0;0;0;2;18.0;6.0;2.0;4.25;26.0;0.37;0;70.0;3;7.0;16.0;1.06;0.85;0.95;3.0;3.0;1;1;111692;NA;5.0;9.0;2.0;5.05;13.0;0.25;1.0;1;7.0;16.0;0.95;0.95;0.95;3.0;3
340;1;0;1;1;0;0;0;0;0;3;6.0;30.0;3.0;4.25;26.0;0.1;0;30.0;2;7.5;14.5;0.96;0.95;0.85;5.0;4.0;1;1;111692;NA;15.0;17.0;2.0;5.05;8.0;0.15;0.0;2;6.0;16.0;1.05;0.84;0.84;5.0;4
341;2;1;1;1;0;0;0;0;0;0;2.0;7.0;2.0;4.62;4.0;0.25;0;33.0;1;11.0;9.5;0.95;0.74;2.34;3.0;3.0;1;1;111492;NA;3.0;7.0;3.0;5.05;NA;NA;0.0;1;11.0;11.0;0.9;0.84;2.32;4.0;2
343;2;1;1;1;0;0;0;0;0;0;10.0;6.0;2.0;4.75;26.0;0.25;0;43.0;2;11.0;10.5;0.95;0.74;2.34;4.0;3.0;1;1;111892;4.0;4.0;11.0;2.0;5.05;6.0;0.15;0.0;2;11.0;12.0;0.95;0.85;2.32;4.0;3
346;2;1;1;1;0;0;0;0;0;0;2.0;10.5;2.0;4.25;19.0;0.2;0;NA;2;11.0;10.0;0.95;NA;NA;4.0;3.0;1;1;111292;NA;3.0;12.0;3.0;NA;NA;NA;0.0;1;11.0;11.0;0.85;NA;NA;NA;.
348;3;1;1;0;1;0;0;0;0;0;3.0;10.5;3.0;4.25;13.0;0.2;0;75.0;2;10.5;10.5;1.02;1.06;0.95;3.0;2.0;2;3;121892;1.0;0.0;0.0;0.0;NA;NA;NA;NA;.;NA;NA;NA;NA;NA;NA;.
350;3;1;1;1;0;0;0;0;0;0;8.0;9.0;4.0;4.75;13.0;0.37;0;60.0;2;6.0;16.0;1.06;0.91;1.12;5.0;NA;1;1;111892;1.0;5.0;20.0;2.0;5.05;13.0;0.23;0.0;2;6.0;17.0;1.01;1.01;0.89;5.0;4
351;3;1;1;1;0;0;0;0;0;1;2.0;27.5;3.0;4.25;NA;NA;0;NA;2;6.0;16.0;1.02;0.9;0.95;4.0;3.0;1;1;111792;2.0;10.0;20.0;4.0;5.05;52.0;0.53;0.0;2;6.0;16.0;1.01;1.01;0.73;4.0;2
352;3;1;1;0;0;1;0;0;0;0;0.0;19.0;4.0;4.75;8.0;0.25;0;50.0;2;10.0;11.5;1.12;0.91;0.99;2.0;2.0;2;5;122392;9.0;NA;NA;NA;NA;NA;NA;NA;.;NA;NA;0.95;0.95;0.89;NA;.
353;3;1;1;1;0;0;0;0;0;0;7.5;22.5;3.0;4.37;13.0;0.22;0;90.0;2;6.0;16.0;1.07;0.85;0.95;5.0;3.0;2;1;121492;4.0;NA;31.0;4.0;5.05;28.0;NA;0.0;2;6.0;16.0;1.01;1.01;0.89;3.0;3
355;4;0;1;0;1;0;0;0;0;0;2.0;17.0;3.0;4.87;26.0;0.15;1;100.0;1;10.5;11.5;0.95;0.92;0.95;2.0;2.0;1;1;111392;NA;3.0;17.0;2.0;NA;NA;NA;0.0;1;10.5;11.5;1.0;0.85;0.89;2.0;2
359;1;1;1;1;0;0;0;0;0;1;0.0;22.0;4.0;4.25;26.0;0.17;0;100.0;2;7.0;15.0;1.02;0.85;0.82;3.0;3.0;1;1;111692;NA;0.0;26.0;4.0;5.05;26.0;0.25;0.0;2;7.0;16.0;1.05;0.87;0.82;3.0;2
360;1;0;1;1;0;0;0;0;0;0;3.0;25.0;2.0;4.25;13.0;0.15;1;100.0;2;7.0;15.0;1.06;0.84;0.89;3.0;3.0;1;1;111692;NA;5.0;32.0;7.0;5.05;4.0;0.25;0.0;2;7.0;16.0;1.05;0.87;0.82;3.0;3
361;1;0;1;1;0;0;0;0;0;0;6.0;13.0;5.0;4.25;26.0;0.22;0;100.0;2;7.0;16.0;1.02;0.91;0.85;3.0;3.0;1;1;110792;NA;4.0;23.0;6.0;5.05;26.0;0.18;0.0;2;7.0;16.0;0.9;0.93;0.92;3.0;2
362;2;0;1;1;0;0;0;0;0;0;6.0;13.0;NA;4.25;13.0;0.66;1;100.0;2;10.5;12.5;1.06;0.81;2.45;5.0;3.0;1;1;111292;NA;24.0;4.0;4.0;5.05;13.0;0.18;0.0;1;10.5;12.5;1.05;0.84;2.43;5.0;3
363;2;0;1;1;0;0;0;0;0;2;0.0;25.0;3.0;4.25;18.0;0.18;0;75.0;2;10.5;12.5;1.06;0.8;2.45;4.0;3.0;1;1;111292;NA;14.0;7.0;2.0;5.2;4.0;0.13;0.0;2;10.5;12.5;1.01;0.8;2.43;4.0;4
364;2;0;1;1;0;0;0;0;0;3;3.5;20.0;3.0;4.25;13.0;0.12;1;NA;2;11.0;12.0;0.95;0.85;2.45;4.0;4.0;1;1;111492;NA;1.0;30.0;4.0;5.05;52.0;0.25;0.0;1;10.5;12.5;1.05;0.84;2.43;5.0;3
366;3;0;1;1;0;0;0;0;0;3;2.0;17.0;3.0;4.5;13.0;0.25;0;50.0;2;10.5;11.5;1.02;0.91;0.63;5.0;4.0;1;1;111892;1.0;1.0;19.0;4.0;5.05;13.0;0.25;0.0;2;10.5;11.5;1.01;0.9;0.63;4.0;3
368;4;0;1;1;0;0;0;0;0;1;0.0;20.0;3.0;4.25;13.0;0.15;0;20.0;3;10.5;12.5;0.89;0.86;0.95;2.0;1.0;1;1;111392;NA;0.0;25.0;2.0;5.05;19.0;0.15;0.0;1;10.5;11.5;1.0;0.85;0.95;2.0;2
369;1;1;1;0;0;1;0;0;0;1;0.0;15.0;4.0;4.35;18.0;0.12;0;87.0;2;7.0;15.0;1.17;1.06;1.17;3.0;2.0;2;3;120992;NA;0.0;0.0;0.0;NA;NA;NA;NA;.;NA;NA;NA;NA;NA;NA;.
370;1;0;1;0;0;1;0;0;0;0;20.0;11.5;3.3;4.85;18.0;0.25;0;80.0;3;7.0;16.0;1.06;0.95;0.95;3.0;2.0;1;1;110792;NA;26.0;5.0;3.0;5.05;NA;0.1;1.0;3;7.0;16.0;NA;NA;NA;3.0;2
376;1;0;1;0;0;1;0;0;0;3;4.0;10.0;4.0;4.5;13.0;0.1;0;NA;2;8.0;14.0;0.95;0.95;0.96;8.0;4.0;1;1;111792;2.0;0.0;17.0;3.0;5.05;15.0;0.2;1.0;2;8.0;14.0;1.26;1.01;1.0;3.0;3
377;1;0;1;0;0;1;0;0;0;3;12.0;6.0;3.0;4.25;26.0;0.15;1;90.0;2;8.0;14.0;1.06;0.95;0.95;3.0;2.0;1;1;110792;NA;11.0;12.0;3.0;5.05;26.0;0.2;0.0;2;8.0;14.0;1.05;0.95;0.94;3.0;1
379;1;0;1;0;0;1;0;0;0;0;20.0;12.0;4.0;4.62;26.0;0.17;0;30.0;3;7.0;16.0;1.06;1.06;0.95;3.0;2.0;1;1;111792;1.0;28.0;6.0;3.0;5.05;52.0;0.15;1.0;1;7.0;16.0;1.06;1.06;1.06;3.0;2
380;1;0;1;0;0;1;0;0;0;0;10.0;15.0;3.0;4.5;52.0;0.2;0;50.0;3;7.0;16.0;1.06;0.95;0.95;3.0;2.0;1;1;110792;NA;15.0;14.0;3.0;5.05;26.0;0.13;0.0;1;7.0;16.0;1.05;0.94;0.94;3.0;2
383;1;0;1;0;0;1;0;0;0;3;6.0;4.0;2.0;4.5;26.0;0.25;0;30.0;1;7.0;16.0;1.15;0.95;0.95;2.0;2.0;1;1;111892;2.0;7.0;2.0;2.0;5.05;26.0;0.38;0.0;1;7.0;16.0;1.16;1.01;1.05;2.0;2
384;1;0;1;0;0;1;0;0;0;3;NA;NA;3.0;4.65;26.0;0.25;0;NA;2;7.0;16.0;1.06;0.95;0.95;3.0;2.0;1;1;110792;NA;0.0;30.0;3.0;5.05;26.0;0.1;0.0;3;7.0;16.0;1.05;1.05;0.89;3.0;2
385;1;0;1;0;0;1;0;0;0;2;16.0;14.0;3.0;4.25;NA;0.15;1;25.0;1;7.0;17.0;NA;NA;NA;3.0;2.0;2;1;120992;4.0;15.0;14.0;3.0;5.05;28.0;0.1;0.0;2;7.0;17.0;1.16;1.22;0.41;3.0;3
386;1;0;1;0;0;1;0;0;0;0;0.0;19.0;3.0;4.25;39.0;0.25;0;NA;1;7.0;17.0;1.06;0.95;0.95;3.0;2.0;1;1;111692;NA;14.0;10.0;4.0;5.05;26.0;0.25;0.0;1;7.0;17.0;1.05;0.95;0.95;4.0;2
391;2;0;1;0;0;1;0;0;0;3;15.0;5.0;2.0;4.25;6.0;0.12;0;12.0;2;11.0;10.0;1.06;1.06;2.66;3.0;3.0;1;1;111492;2.0;12.0;7.0;2.0;5.05;NA;NA;0.0;2;11.0;10.0;1.05;1.05;2.64;4.0;3
393;2;1;1;0;0;1;0;0;0;4;4.0;10.0;3.0;4.62;2.0;0.25;0;100.0;2;11.0;11.0;1.17;1.27;2.77;3.0;2.0;1;1;111792;3.0;18.0;4.0;3.0;5.25;13.0;0.25;1.0;1;11.0;11.0;1.16;1.26;2.75;3.0;2
396;3;1;1;0;0;1;0;0;0;1;24.0;16.0;4.0;4.87;9.0;0.37;0;10.0;2;6.0;17.0;1.27;1.07;2.13;5.0;3.0;1;1;111192;NA;8.0;30.0;3.0;5.4;26.0;0.1;0.0;2;7.0;16.0;1.11;1.05;1.05;5.0;3
397;3;1;1;0;0;1;0;0;0;2;4.0;28.0;3.0;4.25;52.0;0.62;0;85.0;2;6.0;17.0;1.12;1.02;1.06;4.0;3.0;2;1;122892;9.0;6.0;15.0;3.0;5.05;52.0;0.24;0.0;2;6.0;17.0;1.17;1.06;2.11;4.0;3
398;3;1;1;0;0;1;0;0;0;1;14.0;13.0;4.0;4.75;13.0;0.15;0;25.0;2;6.0;17.0;1.12;1.06;1.06;5.0;4.0;2;1;121092;2.0;25.0;15.0;3.0;5.05;28.0;NA;0.0;2;6.0;17.0;1.11;1.06;1.05;5.0;3
399;3;1;1;0;0;1;0;0;0;0;13.0;8.0;3.0;4.87;18.0;0.3;1;NA;2;6.0;17.0;1.27;1.04;1.12;7.0;3.0;1;1;111192;NA;18.0;18.0;4.0;5.05;26.0;0.23;0.0;2;7.0;16.0;1.26;1.08;1.05;7.0;4
400;3;1;1;0;0;1;0;0;0;0;16.0;15.0;3.0;4.5;39.0;0.5;0;50.0;3;6.0;17.0;1.2;1.06;1.06;5.0;5.0;1;1;111192;NA;8.0;24.0;3.0;5.05;41.0;0.15;0.0;2;7.0;16.0;1.17;1.01;1.05;5.0;3
401;3;0;1;0;0;1;0;0;0;0;8.0;6.0;4.0;4.25;13.0;0.17;1;18.0;2;7.0;16.0;1.12;1.02;1.02;6.0;4.0;1;1;111792;2.0;5.0;27.0;4.0;5.05;26.0;0.15;0.0;2;6.0;16.0;1.12;1.05;1.05;6.0;4
402;3;1;1;0;0;1;0;0;0;2;11.0;10.0;3.0;4.75;26.0;0.25;0;20.0;2;6.0;16.0;1.12;1.02;1.06;4.0;2.0;1;1;111692;NA;17.0;5.0;2.0;5.05;26.0;0.13;0.0;2;7.0;15.0;1.11;1.05;1.05;4.0;1
405;3;1;1;0;0;1;0;0;0;3;6.0;17.0;3.0;4.32;26.0;0.12;0;57.0;2;6.0;17.0;1.12;1.02;1.06;7.0;4.0;1;1;111692;NA;1.5;15.0;3.0;5.05;26.0;0.15;0.0;2;7.0;16.0;1.12;1.01;1.05;6.0;3
410;1;0;1;0;0;1;0;0;0;0;0.0;35.0;3.0;4.25;26.0;0.1;0;NA;3;7.0;16.0;1.04;1.12;1.02;4.0;3.0;1;1;111692;NA;0.0;35.0;3.0;5.05;26.0;0.1;1.0;2;7.0;16.0;1.19;0.98;1.01;4.0;3
411;1;0;1;0;0;1;0;0;0;1;0.0;36.0;3.0;4.5;26.0;0.1;0;100.0;2;7.0;16.0;1.16;1.02;1.09;5.0;4.0;1;1;111692;NA;4.0;36.0;3.0;5.05;4.0;0.13;1.0;2;7.0;16.0;1.15;1.01;1.01;5.0;4
412;2;0;1;0;1;0;0;0;0;0;0.0;17.0;2.0;4.5;NA;0.37;0;18.0;1;11.0;11.0;1.06;1.02;2.34;5.0;2.0;1;1;111292;NA;0.0;13.0;2.0;5.05;NA;NA;0.0;1;11.0;11.0;1.15;1.05;2.64;5.0;3
413;1;0;1;0;0;1;0;0;0;0;0.0;36.0;5.0;4.25;9.0;0.5;0;100.0;1;6.0;17.0;1.12;1.02;1.06;4.0;3.0;1;1;110792;NA;0.0;20.0;3.0;5.05;26.0;0.13;1.0;1;7.0;17.0;1.11;1.01;1.05;4.0;2
414;1;0;1;0;0;1;0;0;0;0;0.0;36.0;5.0;4.25;26.0;NA;0;45.0;1;7.0;16.0;1.06;0.95;1.11;4.0;2.0;1;1;111692;NA;13.0;9.0;4.0;5.05;26.0;0.38;1.0;3;7.0;16.0;1.15;0.95;1.13;4.0;3
415;1;0;1;0;0;1;0;0;0;0;8.0;32.0;5.0;4.25;9.0;NA;1;65.0;2;7.0;16.0;1.06;0.91;0.98;5.0;3.0;1;1;110792;NA;0.0;38.0;4.0;5.05;52.0;NA;0.0;2;7.0;16.0;1.05;0.9;1.04;4.0;2
417;1;1;1;0;0;1;0;0;0;0;4.0;28.0;3.0;4.25;13.0;0.2;1;90.0;2;7.0;16.0;1.05;0.94;1.07;4.0;4.0;1;1;110992;NA;13.0;17.0;4.0;5.05;26.0;0.15;1.0;3;7.0;16.0;1.11;1.09;1.0;3.0;2
418;1;0;1;0;0;1;0;0;0;2;30.0;15.0;4.0;4.25;26.0;0.1;1;10.0;2;8.0;15.0;1.02;1.01;0.52;4.0;3.0;1;1;110992;NA;0.0;35.0;4.0;5.05;26.0;0.15;0.0;2;7.0;16.0;1.03;0.9;0.59;3.0;3
419;2;1;1;0;0;1;0;0;0;4;3.0;10.0;4.0;4.25;NA;0.5;0;15.0;2;11.0;11.0;1.06;0.85;2.34;4.0;4.0;2;1;121592;4.0;5.0;5.0;2.0;5.05;NA;NA;0.0;1;11.0;11.0;1.05;0.84;2.53;4.0;3
421;2;1;1;0;0;1;0;0;0;3;20.0;10.0;8.0;4.62;4.0;0.37;0;10.0;2;10.5;13.0;1.06;0.85;2.34;4.0;2.0;1;1;111792;3.0;25.0;7.0;8.0;5.05;4.0;1.0;0.0;2;10.5;13.0;1.05;0.84;2.32;4.0;2
422;2;0;1;0;0;1;0;0;0;2;0.0;7.0;3.0;4.75;NA;0.25;0;NA;2;10.0;11.0;1.06;0.85;2.34;4.0;2.0;1;1;111492;2.0;5.0;10.0;6.0;5.05;NA;NA;0.0;1;11.0;11.0;1.01;0.84;2.32;4.0;4
423;2;1;1;0;0;1;0;0;0;3;2.0;10.0;2.0;4.95;13.0;0.5;1;33.0;1;11.0;12.0;1.06;0.85;2.34;3.0;2.0;1;1;111492;1.0;19.0;3.5;3.0;5.25;13.0;0.5;0.0;1;11.0;11.0;1.05;0.84;2.32;3.0;2
424;2;1;1;0;0;1;0;0;0;0;3.5;6.5;3.0;4.75;13.0;0.25;0;45.0;1;11.0;11.0;1.06;0.85;2.34;5.0;3.0;1;1;111792;1.0;12.0;3.0;4.0;5.25;19.0;0.5;0.0;1;11.0;14.0;1.05;0.94;2.32;5.0;3
426;3;1;1;0;0;1;0;0;0;0;3.0;33.0;5.0;4.25;26.0;0.15;0;75.0;2;5.0;19.0;1.18;1.02;1.06;5.0;3.0;1;1;111192;NA;5.0;25.0;3.0;5.05;19.0;0.25;1.0;2;6.0;18.0;1.11;1.05;1.05;6.0;5
427;4;0;1;0;0;1;0;0;0;3;7.0;8.0;3.0;4.75;13.0;0.1;0;40.0;2;10.5;12.5;1.06;0.98;2.03;2.0;2.0;2;1;121792;4.0;0.0;35.0;3.0;5.05;NA;NA;1.0;2;10.5;12.5;1.11;1.09;2.07;2.0;2
428;4;0;1;0;0;1;0;0;0;2;0.0;33.0;3.0;4.62;13.0;0.12;0;100.0;2;10.5;12.5;1.06;0.98;1.06;2.0;2.0;1;1;111392;NA;10.0;24.0;3.0;5.14;13.0;0.1;0.0;2;10.5;12.5;1.05;0.89;2.11;2.0;2
